Timestamp,User Count,Type,Name,Requests/s,Failures/s,50%,66%,75%,80%,90%,95%,98%,99%,99.9%,99.99%,100%,Total Request Count,Total Failure Count,Total Median Response Time,Total Average Response Time,Total Min Response Time,Total Max Response Time,Total Average Content Size
1782318185,0,,Aggregated,0.000000,0.000000,N/A,N/A,N/A,N/A,N/A,N/A,N/A,N/A,N/A,N/A,N/A,0,0,0,0.0,0,0,0
1782318187,50,Python,select_job_cycle,0.000000,0.000000,0,0,0,0,0,0,0,0,0,0,0,41,0,1,0.9944128297076266,0.7713789964327589,2.9756200092379004,80.0
1782318187,50,,Aggregated,0.000000,0.000000,1,1,1,1,1,1,3,3,3,3,3,41,0,1,0.9944128297076266,0.7713789964327589,2.9756200092379004,80.0
1782318190,100,Python,select_job_cycle,21.666667,0.000000,1,1,1,1,1,1,2,2,2,2,2,162,0,1,1.0137341922489684,0.739345996407792,2.9756200092379004,80.0
1782318190,100,,Aggregated,21.666667,0.000000,1,1,1,1,1,1,2,2,3,3,3,162,0,1,1.0137341922489684,0.739345996407792,2.9756200092379004,80.0
1782318193,100,Python,select_job_cycle,30.500000,0.000000,1,1,1,1,1,1,2,2,2,2,2,280,0,1,1.0118737825645698,0.7305550097953528,2.9756200092379004,80.0
1782318193,100,,Aggregated,30.500000,0.000000,1,1,1,1,1,1,2,2,3,3,3,280,0,1,1.0118737825645698,0.7305550097953528,2.9756200092379004,80.0
1782318196,100,Python,select_job_cycle,33.555556,0.000000,1,1,1,1,1,1,2,2,2,2,2,404,0,1,1.0174088197570677,0.7305550097953528,2.9756200092379004,80.0
1782318196,100,,Aggregated,33.555556,0.000000,1,1,1,1,1,1,2,2,2,2,2,404,0,1,1.0174088197570677,0.7305550097953528,2.9756200092379004,80.0
1782318199,100,Python,select_job_cycle,38.900000,0.000000,1,1,1,1,1,1,1,2,2,2,2,521,0,1,1.0152563595223274,0.7305550097953528,2.9756200092379004,80.0
1782318199,100,,Aggregated,38.900000,0.000000,1,1,1,1,1,1,1,2,2,2,2,521,0,1,1.0152563595223274,0.7305550097953528,2.9756200092379004,80.0
1782318202,100,Python,select_job_cycle,39.000000,0.000000,1,1,1,1,1,1,1,2,2,2,2,639,0,1,1.0180947267119183,0.7305550097953528,2.9756200092379004,80.0
1782318202,100,,Aggregated,39.000000,0.000000,1,1,1,1,1,1,1,2,2,2,2,639,0,1,1.0180947267119183,0.7305550097953528,2.9756200092379004,80.0
1782318205,100,Python,select_job_cycle,38.300000,0.000000,1,1,1,1,1,1,1,2,2,2,2,755,0,1,1.020178516952025,0.7305550097953528,2.9756200092379004,80.0
1782318205,100,,Aggregated,38.300000,0.000000,1,1,1,1,1,1,1,2,2,2,2,755,0,1,1.020178516952025,0.7305550097953528,2.9756200092379004,80.0
1782318209,100,Python,select_job_cycle,38.100000,0.000000,1,1,1,1,1,1,1,2,3,3,3,877,0,1,1.0282570255306753,0.7305550097953528,2.9756200092379004,80.0
1782318209,100,,Aggregated,38.100000,0.000000,1,1,1,1,1,1,1,2,3,3,3,877,0,1,1.0282570255306753,0.7305550097953528,2.9756200092379004,80.0
1782318212,100,Python,select_job_cycle,38.200000,0.000000,1,1,1,1,1,1,2,2,3,3,3,993,0,1,1.029842553350419,0.7305550097953528,2.9756200092379004,80.0
1782318212,100,,Aggregated,38.200000,0.000000,1,1,1,1,1,1,2,2,3,3,3,993,0,1,1.029842553350419,0.7305550097953528,2.9756200092379004,80.0
1782318215,100,Python,select_job_cycle,38.400000,0.000000,1,1,1,1,1,1,2,2,3,3,3,1109,0,1,1.0308476930296904,0.7305550097953528,2.9756200092379004,80.0
1782318215,100,,Aggregated,38.400000,0.000000,1,1,1,1,1,1,2,2,3,3,3,1109,0,1,1.0308476930296904,0.7305550097953528,2.9756200092379004,80.0
1782318218,100,Python,select_job_cycle,37.900000,0.000000,1,1,1,1,1,1,2,2,2,2,2,1229,0,1,1.0323429321438269,0.7305550097953528,2.9756200092379004,80.0
1782318218,100,,Aggregated,37.900000,0.000000,1,1,1,1,1,1,2,2,2,2,2,1229,0,1,1.0323429321438269,0.7305550097953528,2.9756200092379004,80.0
1782318221,100,Python,select_job_cycle,37.900000,0.000000,1,1,1,1,1,1,2,2,2,2,2,1349,0,1,1.0334182376988865,0.7305550097953528,2.9756200092379004,80.0
1782318221,100,,Aggregated,37.900000,0.000000,1,1,1,1,1,1,2,2,2,2,2,1349,0,1,1.0334182376988865,0.7305550097953528,2.9756200092379004,80.0
1782318224,100,Python,select_job_cycle,38.600000,0.000000,1,1,1,1,1,1,2,2,2,2,2,1466,0,1,1.0363124417677734,0.7247900066431612,2.9756200092379004,80.0
1782318224,100,,Aggregated,38.600000,0.000000,1,1,1,1,1,1,2,2,2,2,2,1466,0,1,1.0363124417677734,0.7247900066431612,2.9756200092379004,80.0
1782318227,100,Python,select_job_cycle,38.500000,0.000000,1,1,1,1,1,1,2,2,2,2,2,1585,0,1,1.035388054642738,0.7247900066431612,2.9756200092379004,80.0
1782318227,100,,Aggregated,38.500000,0.000000,1,1,1,1,1,1,2,2,2,2,2,1585,0,1,1.035388054642738,0.7247900066431612,2.9756200092379004,80.0
1782318230,100,Python,select_job_cycle,37.900000,0.000000,1,1,1,1,1,1,2,2,2,2,2,1705,0,1,1.0360861991537609,0.7247900066431612,2.9756200092379004,80.0
1782318230,100,,Aggregated,37.900000,0.000000,1,1,1,1,1,1,2,2,2,2,2,1705,0,1,1.0360861991537609,0.7247900066431612,2.9756200092379004,80.0
1782318234,100,Python,select_job_cycle,37.300000,0.000000,1,1,1,1,1,1,2,2,2,2,2,1825,0,1,1.039230189898549,0.7247900066431612,2.9756200092379004,80.0
1782318234,100,,Aggregated,37.300000,0.000000,1,1,1,1,1,1,2,2,2,2,2,1825,0,1,1.039230189898549,0.7247900066431612,2.9756200092379004,80.0
1782318237,100,Python,select_job_cycle,37.900000,0.000000,1,1,1,1,1,1,2,2,3,3,3,1941,0,1,1.0385206834307432,0.7247900066431612,2.9756200092379004,80.0
1782318237,100,,Aggregated,37.900000,0.000000,1,1,1,1,1,1,2,2,3,3,3,1941,0,1,1.0385206834307432,0.7247900066431612,2.9756200092379004,80.0
1782318240,100,Python,select_job_cycle,37.900000,0.000000,1,1,1,1,1,1,2,2,3,3,3,2054,0,1,1.0389002894397446,0.7247900066431612,2.9756200092379004,80.0
1782318240,100,,Aggregated,37.900000,0.000000,1,1,1,1,1,1,2,2,3,3,3,2054,0,1,1.0389002894397446,0.7247900066431612,2.9756200092379004,80.0
1782318243,100,Python,select_job_cycle,37.400000,0.000000,1,1,1,1,1,1,2,2,4,4,4,2180,0,1,1.045114426860808,0.7247900066431612,3.8719010044587776,80.0
1782318243,100,,Aggregated,37.400000,0.000000,1,1,1,1,1,1,2,2,4,4,4,2180,0,1,1.045114426860808,0.7247900066431612,3.8719010044587776,80.0
1782318246,100,Python,select_job_cycle,37.300000,0.000000,1,1,1,1,1,1,2,2,4,4,4,2298,0,1,1.0458846926049117,0.7247900066431612,3.8719010044587776,80.0
1782318246,100,,Aggregated,37.300000,0.000000,1,1,1,1,1,1,2,2,4,4,4,2298,0,1,1.0458846926049117,0.7247900066431612,3.8719010044587776,80.0
1782318249,100,Python,select_job_cycle,37.100000,0.000000,1,1,1,1,1,1,2,2,4,4,4,2416,0,1,1.0449534766240618,0.7247900066431612,3.8719010044587776,80.0
1782318249,100,,Aggregated,37.100000,0.000000,1,1,1,1,1,1,2,2,4,4,4,2416,0,1,1.0449534766240618,0.7247900066431612,3.8719010044587776,80.0
1782318253,100,Python,select_job_cycle,37.400000,0.000000,1,1,1,1,1,1,1,1,2,2,2,2536,0,1,1.044974352395111,0.7247900066431612,3.8719010044587776,80.0
1782318253,100,,Aggregated,37.400000,0.000000,1,1,1,1,1,1,1,1,2,2,2,2536,0,1,1.044974352395111,0.7247900066431612,3.8719010044587776,80.0
1782318256,100,Python,select_job_cycle,37.800000,0.000000,1,1,1,1,1,1,1,1,2,2,2,2656,0,1,1.0461918111970414,0.7247900066431612,3.8719010044587776,80.0
1782318256,100,,Aggregated,37.800000,0.000000,1,1,1,1,1,1,1,1,2,2,2,2656,0,1,1.0461918111970414,0.7247900066431612,3.8719010044587776,80.0
1782318259,100,Python,select_job_cycle,37.400000,0.000000,1,1,1,1,1,1,1,2,2,2,2,2771,0,1,1.048386977809975,0.7247900066431612,3.8719010044587776,80.0
1782318259,100,,Aggregated,37.400000,0.000000,1,1,1,1,1,1,1,2,2,2,2,2771,0,1,1.048386977809975,0.7247900066431612,3.8719010044587776,80.0
1782318262,100,Python,select_job_cycle,36.800000,0.000000,1,1,1,1,1,1,2,2,3,3,3,2888,0,1,1.054957162233623,0.7247900066431612,3.8719010044587776,80.0
1782318262,100,,Aggregated,36.800000,0.000000,1,1,1,1,1,1,2,2,3,3,3,2888,0,1,1.054957162233623,0.7247900066431612,3.8719010044587776,80.0
1782318266,100,Python,select_job_cycle,36.200000,0.000000,1,1,1,1,2,2,3,3,3,3,3,3008,0,1,1.066317160413088,0.7247900066431612,3.8719010044587776,80.0
1782318266,100,,Aggregated,36.200000,0.000000,1,1,1,1,2,2,3,3,3,3,3,3008,0,1,1.066317160413088,0.7247900066431612,3.8719010044587776,80.0
1782318269,100,Python,select_job_cycle,34.100000,0.000000,1,1,1,1,2,2,3,3,3,3,3,3123,0,1,1.0730082377570875,0.7247900066431612,3.8719010044587776,80.0
1782318269,100,,Aggregated,34.100000,0.000000,1,1,1,1,2,2,3,3,3,3,3,3123,0,1,1.0730082377570875,0.7247900066431612,3.8719010044587776,80.0
1782318273,100,Python,select_job_cycle,33.100000,0.000000,1,1,1,1,2,2,3,3,3,3,3,3236,0,1,1.084104054872947,0.7247900066431612,3.8719010044587776,80.0
1782318273,100,,Aggregated,33.100000,0.000000,1,1,1,1,2,2,3,3,3,3,3,3236,0,1,1.084104054872947,0.7247900066431612,3.8719010044587776,80.0
1782318277,100,Python,select_job_cycle,31.800000,0.000000,1,1,1,2,2,2,3,3,4,4,4,3348,0,1,1.0968390757590685,0.7247900066431612,3.938583002309315,80.0
1782318277,100,,Aggregated,31.800000,0.000000,1,1,1,2,2,2,3,3,4,4,4,3348,0,1,1.0968390757590685,0.7247900066431612,3.938583002309315,80.0
1782318281,100,Python,select_job_cycle,30.900000,0.000000,1,1,1,1,2,2,3,3,4,4,4,3465,0,1,1.1053994313268123,0.7247900066431612,3.938583002309315,80.0
1782318281,100,,Aggregated,30.900000,0.000000,1,1,1,1,2,2,3,3,4,4,4,3465,0,1,1.1053994313268123,0.7247900066431612,3.938583002309315,80.0
1782318285,100,Python,select_job_cycle,30.100000,0.000000,1,1,1,2,2,2,3,3,4,4,4,3584,0,1,1.1190672066326053,0.7247900066431612,3.938583002309315,80.0
1782318285,100,,Aggregated,30.100000,0.000000,1,1,1,2,2,2,3,3,4,4,4,3584,0,1,1.1190672066326053,0.7247900066431612,3.938583002309315,80.0
1782318289,100,Python,select_job_cycle,30.700000,0.000000,1,1,2,2,2,3,3,3,3,3,3,3702,0,1,1.1318843845484754,0.7247900066431612,3.938583002309315,80.0
1782318289,100,,Aggregated,30.700000,0.000000,1,1,2,2,2,3,3,3,3,3,3,3702,0,1,1.1318843845484754,0.7247900066431612,3.938583002309315,80.0
1782318292,100,Python,select_job_cycle,30.200000,0.000000,1,1,2,2,2,3,3,3,3,3,3,3817,0,1,1.1398864434394882,0.7247900066431612,3.938583002309315,80.0
1782318292,100,,Aggregated,30.200000,0.000000,1,1,2,2,2,3,3,3,3,3,3,3817,0,1,1.1398864434394882,0.7247900066431612,3.938583002309315,80.0
1782318296,100,Python,select_job_cycle,30.400000,0.000000,1,1,1,1,2,2,3,3,3,3,3,3930,0,1,1.142305166830259,0.7247900066431612,3.938583002309315,80.0
1782318296,100,,Aggregated,30.400000,0.000000,1,1,1,1,2,2,3,3,3,3,3,3930,0,1,1.142305166830259,0.7247900066431612,3.938583002309315,80.0
1782318299,100,Python,select_job_cycle,31.800000,0.000000,1,1,1,1,2,2,3,3,3,3,3,4044,0,1,1.1448238666233137,0.7247900066431612,3.938583002309315,80.0
1782318299,100,,Aggregated,31.800000,0.000000,1,1,1,1,2,2,3,3,3,3,3,4044,0,1,1.1448238666233137,0.7247900066431612,3.938583002309315,80.0
1782318302,100,Python,select_job_cycle,32.900000,0.000000,1,1,1,1,2,2,2,3,3,3,3,4161,0,1,1.1483234964376088,0.7247900066431612,3.938583002309315,80.0
1782318302,100,,Aggregated,32.900000,0.000000,1,1,1,1,2,2,2,3,3,3,3,4161,0,1,1.1483234964376088,0.7247900066431612,3.938583002309315,80.0
1782318306,100,Python,select_job_cycle,34.500000,0.000000,1,1,1,1,2,2,2,3,3,3,3,4276,0,1,1.152173301859916,0.7247900066431612,3.938583002309315,80.0
1782318306,100,,Aggregated,34.500000,0.000000,1,1,1,1,2,2,2,3,3,3,3,4276,0,1,1.152173301859916,0.7247900066431612,3.938583002309315,80.0
1782318309,100,Python,select_job_cycle,33.400000,0.000000,1,1,1,1,2,2,2,3,3,3,3,4389,0,1,1.1566568450033519,0.7247900066431612,3.938583002309315,80.0
1782318309,100,,Aggregated,33.400000,0.000000,1,1,1,1,2,2,2,3,3,3,3,4389,0,1,1.1566568450033519,0.7247900066431612,3.938583002309315,80.0
1782318313,100,Python,select_job_cycle,32.400000,0.000000,1,1,1,1,2,2,3,3,3,3,3,4501,0,1,1.1606707013423663,0.7247900066431612,3.938583002309315,80.0
1782318313,100,,Aggregated,32.400000,0.000000,1,1,1,1,2,2,3,3,3,3,3,4501,0,1,1.1606707013423663,0.7247900066431612,3.938583002309315,80.0
1782318316,100,Python,select_job_cycle,32.400000,0.000000,1,1,1,1,2,2,3,3,3,3,3,4618,0,1,1.1650463306026806,0.7247900066431612,3.938583002309315,80.0
1782318316,100,,Aggregated,32.400000,0.000000,1,1,1,1,2,2,3,3,3,3,3,4618,0,1,1.1650463306026806,0.7247900066431612,3.938583002309315,80.0
1782318320,100,Python,select_job_cycle,32.600000,0.000000,1,1,1,1,2,2,2,3,3,3,3,4732,0,1,1.1674532203545938,0.7247900066431612,3.938583002309315,80.0
1782318320,100,,Aggregated,32.600000,0.000000,1,1,1,1,2,2,2,3,3,3,3,4732,0,1,1.1674532203545938,0.7247900066431612,3.938583002309315,80.0
1782318323,100,Python,select_job_cycle,33.600000,0.000000,1,1,1,1,2,2,3,3,3,3,3,4849,0,1,1.1703560444898788,0.7247900066431612,3.938583002309315,80.0
1782318323,100,,Aggregated,33.600000,0.000000,1,1,1,1,2,2,3,3,3,3,3,4849,0,1,1.1703560444898788,0.7247900066431612,3.938583002309315,80.0
1782318327,100,Python,select_job_cycle,33.400000,0.000000,1,1,1,1,2,2,3,3,3,3,3,4961,0,1,1.1735564246584114,0.7247900066431612,3.938583002309315,80.0
1782318327,100,,Aggregated,33.400000,0.000000,1,1,1,1,2,2,3,3,3,3,3,4961,0,1,1.1735564246584114,0.7247900066431612,3.938583002309315,80.0
1782318330,100,Python,select_job_cycle,33.500000,0.000000,1,1,1,1,2,2,3,3,3,3,3,5084,0,1,1.176690156326669,0.7247900066431612,3.938583002309315,80.0
1782318330,100,,Aggregated,33.500000,0.000000,1,1,1,1,2,2,3,3,3,3,3,5084,0,1,1.176690156326669,0.7247900066431612,3.938583002309315,80.0
1782318334,100,Python,select_job_cycle,32.900000,0.000000,1,1,1,1,2,2,2,3,3,3,3,5199,0,1,1.180592506773313,0.7247900066431612,3.938583002309315,80.0
1782318334,100,,Aggregated,32.900000,0.000000,1,1,1,1,2,2,2,3,3,3,3,5199,0,1,1.180592506773313,0.7247900066431612,3.938583002309315,80.0
1782318338,100,Python,select_job_cycle,32.300000,0.000000,1,1,1,1,2,2,2,3,3,3,3,5316,0,1,1.1832991594757813,0.7247900066431612,3.938583002309315,80.0
1782318338,100,,Aggregated,32.300000,0.000000,1,1,1,1,2,2,2,3,3,3,3,5316,0,1,1.1832991594757813,0.7247900066431612,3.938583002309315,80.0
1782318341,100,Python,select_job_cycle,32.600000,0.000000,1,1,1,1,2,2,2,3,3,3,3,5434,0,1,1.1854477973509314,0.7247900066431612,3.938583002309315,80.0
1782318341,100,,Aggregated,32.600000,0.000000,1,1,1,1,2,2,2,3,3,3,3,5434,0,1,1.1854477973509314,0.7247900066431612,3.938583002309315,80.0
1782318345,100,Python,select_job_cycle,33.100000,0.000000,1,1,1,1,2,2,2,3,3,3,3,5552,0,1,1.1889444057584686,0.7247900066431612,3.938583002309315,80.0
1782318345,100,,Aggregated,33.100000,0.000000,1,1,1,1,2,2,2,3,3,3,3,5552,0,1,1.1889444057584686,0.7247900066431612,3.938583002309315,80.0
1782318348,100,Python,select_job_cycle,32.700000,0.000000,1,1,1,1,2,2,2,2,3,3,3,5669,0,1,1.1909206413443496,0.7247900066431612,3.938583002309315,80.0
1782318348,100,,Aggregated,32.700000,0.000000,1,1,1,1,2,2,2,2,3,3,3,5669,0,1,1.1909206413443496,0.7247900066431612,3.938583002309315,80.0
1782318352,100,Python,select_job_cycle,32.300000,0.000000,1,1,1,2,2,2,3,3,3,3,3,5782,0,1,1.1962068714485743,0.7247900066431612,3.938583002309315,80.0
1782318352,100,,Aggregated,32.300000,0.000000,1,1,1,2,2,2,3,3,3,3,3,5782,0,1,1.1962068714485743,0.7247900066431612,3.938583002309315,80.0
1782318356,100,Python,select_job_cycle,31.400000,0.000000,1,1,2,2,2,3,3,3,3,3,3,5898,0,1,1.2028169145034837,0.7247900066431612,3.938583002309315,80.0
1782318356,100,,Aggregated,31.400000,0.000000,1,1,2,2,2,3,3,3,3,3,3,5898,0,1,1.2028169145034837,0.7247900066431612,3.938583002309315,80.0
1782318360,100,Python,select_job_cycle,30.200000,0.000000,1,1,1,2,2,3,3,3,3,3,3,6014,0,1,1.206109274314458,0.7247900066431612,3.938583002309315,80.0
1782318360,100,,Aggregated,30.200000,0.000000,1,1,1,2,2,3,3,3,3,3,3,6014,0,1,1.206109274314458,0.7247900066431612,3.938583002309315,80.0
1782318363,100,Python,select_job_cycle,29.600000,0.000000,1,1,1,2,2,3,3,3,3,3,3,6130,0,1,1.2080643586862831,0.7247900066431612,3.938583002309315,80.0
1782318363,100,,Aggregated,29.600000,0.000000,1,1,1,2,2,3,3,3,3,3,3,6130,0,1,1.2080643586862831,0.7247900066431612,3.938583002309315,80.0
1782318367,100,Python,select_job_cycle,30.900000,0.000000,1,1,1,1,2,2,3,3,3,3,3,6242,0,1,1.210942410413195,0.7247900066431612,3.938583002309315,80.0
1782318367,100,,Aggregated,30.900000,0.000000,1,1,1,1,2,2,3,3,3,3,3,6242,0,1,1.210942410413195,0.7247900066431612,3.938583002309315,80.0
1782318370,100,Python,select_job_cycle,31.800000,0.000000,1,1,1,1,2,2,3,3,3,3,3,6359,0,1,1.211472683078925,0.7247900066431612,3.938583002309315,80.0
1782318370,100,,Aggregated,31.800000,0.000000,1,1,1,1,2,2,3,3,3,3,3,6359,0,1,1.211472683078925,0.7247900066431612,3.938583002309315,80.0
1782318374,100,Python,select_job_cycle,32.900000,0.000000,1,1,1,1,2,2,2,3,3,3,3,6472,0,1,1.2142816506069085,0.7247900066431612,3.938583002309315,80.0
1782318374,100,,Aggregated,32.900000,0.000000,1,1,1,1,2,2,2,3,3,3,3,6472,0,1,1.2142816506069085,0.7247900066431612,3.938583002309315,80.0
1782318378,100,Python,select_job_cycle,32.700000,0.000000,1,1,1,1,2,2,2,3,3,3,3,6594,0,1,1.214040435959038,0.7247900066431612,3.938583002309315,80.0
1782318378,100,,Aggregated,32.700000,0.000000,1,1,1,1,2,2,2,3,3,3,3,6594,0,1,1.214040435959038,0.7247900066431612,3.938583002309315,80.0
1782318381,100,Python,select_job_cycle,33.100000,0.000000,1,1,1,1,2,2,2,3,3,3,3,6716,0,1,1.2173986630049192,0.7247900066431612,3.938583002309315,80.0
1782318381,100,,Aggregated,33.100000,0.000000,1,1,1,1,2,2,2,3,3,3,3,6716,0,1,1.2173986630049192,0.7247900066431612,3.938583002309315,80.0
1782318385,100,Python,select_job_cycle,33.300000,0.000000,1,1,1,1,2,2,3,3,3,3,3,6836,0,1,1.221177972747906,0.7247900066431612,3.938583002309315,80.0
1782318385,100,,Aggregated,33.300000,0.000000,1,1,1,1,2,2,3,3,3,3,3,6836,0,1,1.221177972747906,0.7247900066431612,3.938583002309315,80.0
1782318389,100,Python,select_job_cycle,32.300000,0.000000,1,1,2,2,2,3,3,3,3,3,3,6953,0,1,1.2262678574387438,0.7247900066431612,3.938583002309315,80.0
1782318389,100,,Aggregated,32.300000,0.000000,1,1,2,2,2,3,3,3,3,3,3,6953,0,1,1.2262678574387438,0.7247900066431612,3.938583002309315,80.0
1782318393,100,Python,select_job_cycle,30.600000,0.000000,1,1,1,2,2,3,3,3,3,3,3,7071,0,1,1.2276067893805176,0.7247900066431612,3.938583002309315,80.0
1782318393,100,,Aggregated,30.600000,0.000000,1,1,1,2,2,3,3,3,3,3,3,7071,0,1,1.2276067893805176,0.7247900066431612,3.938583002309315,80.0
1782318396,100,Python,select_job_cycle,31.800000,0.000000,1,1,1,1,2,2,3,3,3,3,3,7184,0,1,1.22769656121097,0.7247900066431612,3.938583002309315,80.0
1782318396,100,,Aggregated,31.800000,0.000000,1,1,1,1,2,2,3,3,3,3,3,7184,0,1,1.22769656121097,0.7247900066431612,3.938583002309315,80.0
1782318399,100,Python,select_job_cycle,32.300000,0.000000,1,1,1,1,2,2,2,3,3,3,3,7296,0,1,1.2308533439768086,0.7247900066431612,3.938583002309315,80.0
1782318399,100,,Aggregated,32.300000,0.000000,1,1,1,1,2,2,2,3,3,3,3,7296,0,1,1.2308533439768086,0.7247900066431612,3.938583002309315,80.0
1782318403,100,Python,select_job_cycle,32.500000,0.000000,1,1,1,2,2,2,3,3,3,3,3,7416,0,1,1.2355635897594723,0.7247900066431612,3.938583002309315,80.0
1782318403,100,,Aggregated,32.500000,0.000000,1,1,1,2,2,2,3,3,3,3,3,7416,0,1,1.2355635897594723,0.7247900066431612,3.938583002309315,80.0
1782318407,100,Python,select_job_cycle,30.700000,0.000000,1,1,2,2,2,3,3,4,4,4,4,7530,0,1,1.2401925906530307,0.7247900066431612,3.938583002309315,80.0
1782318407,100,,Aggregated,30.700000,0.000000,1,1,2,2,2,3,3,4,4,4,4,7530,0,1,1.2401925906530307,0.7247900066431612,3.938583002309315,80.0
1782318411,100,Python,select_job_cycle,30.800000,0.000000,1,1,2,2,2,3,3,4,4,4,4,7645,0,1,1.2432472715020286,0.7247900066431612,3.938583002309315,80.0
1782318411,100,,Aggregated,30.800000,0.000000,1,1,2,2,2,3,3,4,4,4,4,7645,0,1,1.2432472715020286,0.7247900066431612,3.938583002309315,80.0
1782318415,100,Python,select_job_cycle,30.500000,0.000000,1,1,1,1,2,2,3,3,3,3,3,7764,0,1,1.2446265680991815,0.7247900066431612,3.938583002309315,80.0
1782318415,100,,Aggregated,30.500000,0.000000,1,1,1,1,2,2,3,3,3,3,3,7764,0,1,1.2446265680991815,0.7247900066431612,3.938583002309315,80.0
1782318419,100,Python,select_job_cycle,30.600000,0.000000,1,1,1,2,2,2,3,3,3,3,3,7880,0,1,1.2482455980651987,0.7247900066431612,3.938583002309315,80.0
1782318419,100,,Aggregated,30.600000,0.000000,1,1,1,2,2,2,3,3,3,3,3,7880,0,1,1.2482455980651987,0.7247900066431612,3.938583002309315,80.0
1782318422,100,Python,select_job_cycle,31.000000,0.000000,1,1,1,2,2,2,3,3,3,3,3,7989,0,1,1.2506194366981498,0.7247900066431612,3.938583002309315,80.0
1782318422,100,,Aggregated,31.000000,0.000000,1,1,1,2,2,2,3,3,3,3,3,7989,0,1,1.2506194366981498,0.7247900066431612,3.938583002309315,80.0
1782318426,100,Python,select_job_cycle,29.900000,0.000000,1,1,2,2,2,3,3,3,3,3,3,8106,0,1,1.2544756145833214,0.7247900066431612,3.938583002309315,80.0
1782318426,100,,Aggregated,29.900000,0.000000,1,1,2,2,2,3,3,3,3,3,3,8106,0,1,1.2544756145833214,0.7247900066431612,3.938583002309315,80.0
1782318430,100,Python,select_job_cycle,30.100000,0.000000,1,1,1,2,2,3,3,3,3,3,3,8227,0,1,1.2543015440475294,0.7247900066431612,3.938583002309315,80.0
1782318430,100,,Aggregated,30.100000,0.000000,1,1,1,2,2,3,3,3,3,3,3,8227,0,1,1.2543015440475294,0.7247900066431612,3.938583002309315,80.0
1782318433,100,Python,select_job_cycle,31.400000,0.000000,1,1,1,1,2,2,3,3,3,3,3,8344,0,1,1.2523472208455988,0.7247900066431612,3.938583002309315,80.0
1782318433,100,,Aggregated,31.400000,0.000000,1,1,1,1,2,2,3,3,3,3,3,8344,0,1,1.2523472208455988,0.7247900066431612,3.938583002309315,80.0
1782318437,100,Python,select_job_cycle,34.000000,0.000000,1,1,1,1,1,2,2,2,3,3,3,8467,0,1,1.2510682520071164,0.7247900066431612,3.938583002309315,80.0
1782318437,100,,Aggregated,34.000000,0.000000,1,1,1,1,1,2,2,2,3,3,3,8467,0,1,1.2510682520071164,0.7247900066431612,3.938583002309315,80.0
1782318440,100,Python,select_job_cycle,34.900000,0.000000,1,1,1,1,1,2,2,2,3,3,3,8588,0,1,1.2498543970370213,0.7247900066431612,3.938583002309315,80.0
1782318440,100,,Aggregated,34.900000,0.000000,1,1,1,1,1,2,2,2,3,3,3,8588,0,1,1.2498543970370213,0.7247900066431612,3.938583002309315,80.0
1782318443,100,Python,select_job_cycle,34.900000,0.000000,1,1,1,1,1,2,2,3,3,3,3,8702,0,1,1.2501647974970698,0.7247900066431612,3.938583002309315,80.0
1782318443,100,,Aggregated,34.900000,0.000000,1,1,1,1,1,2,2,3,3,3,3,8702,0,1,1.2501647974970698,0.7247900066431612,3.938583002309315,80.0
1782318447,100,Python,select_job_cycle,34.500000,0.000000,1,1,1,1,1,2,2,3,3,3,3,8819,0,1,1.2488679142535597,0.7247900066431612,3.938583002309315,80.0
1782318447,100,,Aggregated,34.500000,0.000000,1,1,1,1,1,2,2,3,3,3,3,8819,0,1,1.2488679142535597,0.7247900066431612,3.938583002309315,80.0
1782318450,100,Python,select_job_cycle,34.900000,0.000000,1,1,1,1,1,2,2,3,3,3,3,8936,0,1,1.2482594458215692,0.7247900066431612,3.938583002309315,80.0
1782318450,100,,Aggregated,34.900000,0.000000,1,1,1,1,1,2,2,3,3,3,3,8936,0,1,1.2482594458215692,0.7247900066431612,3.938583002309315,80.0
1782318453,100,Python,select_job_cycle,34.400000,0.000000,1,1,1,1,1,1,2,2,3,3,3,9046,0,1,1.247382290167503,0.7247900066431612,3.938583002309315,80.0
1782318453,100,,Aggregated,34.400000,0.000000,1,1,1,1,1,1,2,2,3,3,3,9046,0,1,1.247382290167503,0.7247900066431612,3.938583002309315,80.0
1782318457,100,Python,select_job_cycle,34.600000,0.000000,1,1,1,1,1,1,2,2,3,3,3,9165,0,1,1.2459104633776408,0.7247900066431612,3.938583002309315,80.0
1782318457,100,,Aggregated,34.600000,0.000000,1,1,1,1,1,1,2,2,3,3,3,9165,0,1,1.2459104633776408,0.7247900066431612,3.938583002309315,80.0
1782318460,100,Python,select_job_cycle,34.600000,0.000000,1,1,1,1,1,1,2,3,3,3,3,9287,0,1,1.2456392928692266,0.7247900066431612,3.938583002309315,80.0
1782318460,100,,Aggregated,34.600000,0.000000,1,1,1,1,1,1,2,3,3,3,3,9287,0,1,1.2456392928692266,0.7247900066431612,3.938583002309315,80.0
1782318464,100,Python,select_job_cycle,35.300000,0.000000,1,1,1,1,1,2,2,3,3,3,3,9404,0,1,1.244775168627161,0.7247900066431612,3.938583002309315,80.0
1782318464,100,,Aggregated,35.300000,0.000000,1,1,1,1,1,2,2,3,3,3,3,9404,0,1,1.244775168627161,0.7247900066431612,3.938583002309315,80.0
1782318467,100,Python,select_job_cycle,34.600000,0.000000,1,1,1,1,1,2,2,3,3,3,3,9516,0,1,1.2441144238763222,0.7247900066431612,3.938583002309315,80.0
1782318467,100,,Aggregated,34.600000,0.000000,1,1,1,1,1,2,2,3,3,3,3,9516,0,1,1.2441144238763222,0.7247900066431612,3.938583002309315,80.0
1782318470,100,Python,select_job_cycle,34.000000,0.000000,1,1,1,1,1,2,2,2,3,3,3,9636,0,1,1.2421459461919555,0.7247900066431612,3.938583002309315,80.0
1782318470,100,,Aggregated,34.000000,0.000000,1,1,1,1,1,2,2,2,3,3,3,9636,0,1,1.2421459461919555,0.7247900066431612,3.938583002309315,80.0
1782318474,100,Python,select_job_cycle,34.900000,0.000000,1,1,1,1,1,1,2,2,2,2,2,9756,0,1,1.2409698475244757,0.7247900066431612,3.938583002309315,80.0
1782318474,100,,Aggregated,34.900000,0.000000,1,1,1,1,1,1,2,2,2,2,2,9756,0,1,1.2409698475244757,0.7247900066431612,3.938583002309315,80.0
1782318477,100,Python,select_job_cycle,35.300000,0.000000,1,1,1,1,1,2,2,2,2,2,2,9872,0,1,1.2391188040418186,0.7247900066431612,3.938583002309315,80.0
1782318477,100,,Aggregated,35.300000,0.000000,1,1,1,1,1,2,2,2,2,2,2,9872,0,1,1.2391188040418186,0.7247900066431612,3.938583002309315,80.0
1782318480,100,Python,select_job_cycle,35.700000,0.000000,1,1,1,1,1,2,2,3,3,3,3,9990,0,1,1.2395623332868144,0.7247900066431612,3.938583002309315,80.0
1782318480,100,,Aggregated,35.700000,0.000000,1,1,1,1,1,2,2,3,3,3,3,9990,0,1,1.2395623332868144,0.7247900066431612,3.938583002309315,80.0
1782318484,100,Python,select_job_cycle,34.800000,0.000000,1,1,1,1,1,2,2,3,3,3,3,10105,0,1,1.2386980577343674,0.7247900066431612,3.938583002309315,80.0
1782318484,100,,Aggregated,34.800000,0.000000,1,1,1,1,1,2,2,3,3,3,3,10105,0,1,1.2386980577343674,0.7247900066431612,3.938583002309315,80.0
1782318487,100,Python,select_job_cycle,34.400000,0.000000,1,1,1,1,1,2,2,3,3,3,3,10218,0,1,1.2379244162669647,0.7247900066431612,3.938583002309315,80.0
1782318487,100,,Aggregated,34.400000,0.000000,1,1,1,1,1,2,2,3,3,3,3,10218,0,1,1.2379244162669647,0.7247900066431612,3.938583002309315,80.0
1782318490,100,Python,select_job_cycle,34.500000,0.000000,1,1,1,1,1,2,2,2,3,3,3,10336,0,1,1.2367829532116332,0.7247900066431612,3.938583002309315,80.0
1782318490,100,,Aggregated,34.500000,0.000000,1,1,1,1,1,2,2,2,3,3,3,10336,0,1,1.2367829532116332,0.7247900066431612,3.938583002309315,80.0
1782318494,100,Python,select_job_cycle,35.700000,0.000000,1,1,1,1,1,2,2,2,4,4,4,10454,0,1,1.2358350876485082,0.7247900066431612,4.098592995433137,80.0
1782318494,100,,Aggregated,35.700000,0.000000,1,1,1,1,1,2,2,2,4,4,4,10454,0,1,1.2358350876485082,0.7247900066431612,4.098592995433137,80.0
1782318497,100,Python,select_job_cycle,35.800000,0.000000,1,1,1,1,1,1,2,2,4,4,4,10576,0,1,1.2349408614079374,0.7247900066431612,4.098592995433137,80.0
1782318497,100,,Aggregated,35.800000,0.000000,1,1,1,1,1,1,2,2,4,4,4,10576,0,1,1.2349408614079374,0.7247900066431612,4.098592995433137,80.0
1782318501,100,Python,select_job_cycle,35.500000,0.000000,1,1,1,1,1,1,2,2,4,4,4,10697,0,1,1.2336804493935687,0.7247900066431612,4.098592995433137,80.0
1782318501,100,,Aggregated,35.500000,0.000000,1,1,1,1,1,1,2,2,4,4,4,10697,0,1,1.2336804493935687,0.7247900066431612,4.098592995433137,80.0
1782318504,100,Python,select_job_cycle,35.000000,0.000000,1,1,1,1,1,1,2,2,2,2,2,10811,0,1,1.2329564685153134,0.7247900066431612,4.098592995433137,80.0
1782318504,100,,Aggregated,35.000000,0.000000,1,1,1,1,1,1,2,2,2,2,2,10811,0,1,1.2329564685153134,0.7247900066431612,4.098592995433137,80.0
1782318507,100,Python,select_job_cycle,35.000000,0.000000,1,1,1,1,1,1,2,2,3,3,3,10930,0,1,1.2319178925989573,0.7247900066431612,4.098592995433137,80.0
1782318507,100,,Aggregated,35.000000,0.000000,1,1,1,1,1,1,2,2,3,3,3,10930,0,1,1.2319178925989573,0.7247900066431612,4.098592995433137,80.0
1782318511,100,Python,select_job_cycle,35.200000,0.000000,1,1,1,1,1,2,2,2,3,3,3,11049,0,1,1.232245214692453,0.7247900066431612,4.098592995433137,80.0
1782318511,100,,Aggregated,35.200000,0.000000,1,1,1,1,1,2,2,2,3,3,3,11049,0,1,1.232245214692453,0.7247900066431612,4.098592995433137,80.0
1782318514,100,Python,select_job_cycle,34.200000,0.000000,1,1,1,1,1,2,2,3,3,3,3,11170,0,1,1.2325692866821945,0.7247900066431612,4.098592995433137,80.0
1782318514,100,,Aggregated,34.200000,0.000000,1,1,1,1,1,2,2,3,3,3,3,11170,0,1,1.2325692866821945,0.7247900066431612,4.098592995433137,80.0
1782318518,100,Python,select_job_cycle,33.300000,0.000000,1,1,1,1,1,2,2,2,3,3,3,11290,0,1,1.2318060923158625,0.7247900066431612,4.098592995433137,80.0
1782318518,100,,Aggregated,33.300000,0.000000,1,1,1,1,1,2,2,2,3,3,3,11290,0,1,1.2318060923158625,0.7247900066431612,4.098592995433137,80.0
1782318522,100,Python,select_job_cycle,32.800000,0.000000,1,1,1,1,2,2,3,3,4,4,4,11412,0,1,1.2341734549915242,0.7247900066431612,4.098592995433137,80.0
1782318522,100,,Aggregated,32.800000,0.000000,1,1,1,1,2,2,3,3,4,4,4,11412,0,1,1.2341734549915242,0.7247900066431612,4.098592995433137,80.0
1782318525,100,Python,select_job_cycle,33.400000,0.000000,1,1,1,1,2,2,3,3,4,4,4,11534,0,1,1.2335175945294674,0.7247900066431612,4.098592995433137,80.0
1782318525,100,,Aggregated,33.400000,0.000000,1,1,1,1,2,2,3,3,4,4,4,11534,0,1,1.2335175945294674,0.7247900066431612,4.098592995433137,80.0
1782318529,100,Python,select_job_cycle,33.100000,0.000000,1,1,1,1,1,2,2,2,4,4,4,11649,0,1,1.2327339754763023,0.7247900066431612,4.098592995433137,80.0
1782318529,100,,Aggregated,33.100000,0.000000,1,1,1,1,1,2,2,2,4,4,4,11649,0,1,1.2327339754763023,0.7247900066431612,4.098592995433137,80.0
1782318532,100,Python,select_job_cycle,33.700000,0.000000,1,1,1,1,1,2,2,2,4,4,4,11766,0,1,1.233192966454726,0.7247900066431612,4.098592995433137,80.0
1782318532,100,,Aggregated,33.700000,0.000000,1,1,1,1,1,2,2,2,4,4,4,11766,0,1,1.233192966454726,0.7247900066431612,4.098592995433137,80.0
1782318536,100,Python,select_job_cycle,33.200000,0.000000,1,1,1,1,2,2,3,3,3,3,3,11880,0,1,1.2348841360472465,0.7247900066431612,4.098592995433137,80.0
1782318536,100,,Aggregated,33.200000,0.000000,1,1,1,1,2,2,3,3,3,3,3,11880,0,1,1.2348841360472465,0.7247900066431612,4.098592995433137,80.0
1782318539,100,Python,select_job_cycle,32.300000,0.000000,1,1,1,1,2,2,3,3,3,3,3,11996,0,1,1.2341892377655916,0.7247900066431612,4.098592995433137,80.0
1782318539,100,,Aggregated,32.300000,0.000000,1,1,1,1,2,2,3,3,3,3,3,11996,0,1,1.2341892377655916,0.7247900066431612,4.098592995433137,80.0
1782318543,100,Python,select_job_cycle,33.100000,0.000000,1,1,1,1,2,2,3,3,3,3,3,12108,0,1,1.234704614478334,0.7247900066431612,4.098592995433137,80.0
1782318543,100,,Aggregated,33.100000,0.000000,1,1,1,1,2,2,3,3,3,3,3,12108,0,1,1.234704614478334,0.7247900066431612,4.098592995433137,80.0
1782318547,100,Python,select_job_cycle,33.800000,0.000000,1,1,1,1,2,2,3,3,4,4,4,12227,0,1,1.2351807953797618,0.7247900066431612,4.308012008550577,80.0
1782318547,100,,Aggregated,33.800000,0.000000,1,1,1,1,2,2,3,3,4,4,4,12227,0,1,1.2351807953797618,0.7247900066431612,4.308012008550577,80.0
1782318550,100,Python,select_job_cycle,32.500000,0.000000,1,1,1,1,2,2,2,3,4,4,4,12347,0,1,1.2351727433385344,0.7247900066431612,4.308012008550577,80.0
1782318550,100,,Aggregated,32.500000,0.000000,1,1,1,1,2,2,2,3,4,4,4,12347,0,1,1.2351727433385344,0.7247900066431612,4.308012008550577,80.0
1782318554,100,Python,select_job_cycle,32.600000,0.000000,1,1,1,1,2,2,2,3,4,4,4,12465,0,1,1.2360880071329228,0.7247900066431612,4.308012008550577,80.0
1782318554,100,,Aggregated,32.600000,0.000000,1,1,1,1,2,2,2,3,4,4,4,12465,0,1,1.2360880071329228,0.7247900066431612,4.308012008550577,80.0
1782318557,100,Python,select_job_cycle,31.400000,0.000000,1,1,1,1,2,2,2,3,3,3,3,12577,0,1,1.2372418051176282,0.7247900066431612,4.308012008550577,80.0
1782318557,100,,Aggregated,31.400000,0.000000,1,1,1,1,2,2,2,3,3,3,3,12577,0,1,1.2372418051176282,0.7247900066431612,4.308012008550577,80.0
1782318561,100,Python,select_job_cycle,32.400000,0.000000,1,1,1,1,2,2,3,3,3,3,3,12695,0,1,1.2370662908981762,0.7247900066431612,4.308012008550577,80.0
1782318561,100,,Aggregated,32.400000,0.000000,1,1,1,1,2,2,3,3,3,3,3,12695,0,1,1.2370662908981762,0.7247900066431612,4.308012008550577,80.0
1782318564,100,Python,select_job_cycle,32.400000,0.000000,1,1,1,1,1,2,2,2,3,3,3,12814,0,1,1.2365315028048773,0.7247900066431612,4.308012008550577,80.0
1782318564,100,,Aggregated,32.400000,0.000000,1,1,1,1,1,2,2,2,3,3,3,12814,0,1,1.2365315028048773,0.7247900066431612,4.308012008550577,80.0
1782318568,100,Python,select_job_cycle,34.000000,0.000000,1,1,1,1,1,2,2,2,3,3,3,12927,0,1,1.235512880403436,0.7247900066431612,4.308012008550577,80.0
1782318568,100,,Aggregated,34.000000,0.000000,1,1,1,1,1,2,2,2,3,3,3,12927,0,1,1.235512880403436,0.7247900066431612,4.308012008550577,80.0
1782318571,100,Python,select_job_cycle,34.300000,0.000000,1,1,1,1,1,2,2,3,3,3,3,13048,0,1,1.2357571809455539,0.7247900066431612,4.308012008550577,80.0
1782318571,100,,Aggregated,34.300000,0.000000,1,1,1,1,1,2,2,3,3,3,3,13048,0,1,1.2357571809455539,0.7247900066431612,4.308012008550577,80.0
1782318574,100,Python,select_job_cycle,34.300000,0.000000,1,1,1,1,1,2,2,3,3,3,3,13166,0,1,1.2356477712225555,0.7247900066431612,4.308012008550577,80.0
1782318574,100,,Aggregated,34.300000,0.000000,1,1,1,1,1,2,2,3,3,3,3,13166,0,1,1.2356477712225555,0.7247900066431612,4.308012008550577,80.0
1782318578,100,Python,select_job_cycle,34.000000,0.000000,1,1,1,1,2,2,2,3,3,3,3,13279,0,1,1.2359945541639692,0.7247900066431612,4.308012008550577,80.0
1782318578,100,,Aggregated,34.000000,0.000000,1,1,1,1,2,2,2,3,3,3,3,13279,0,1,1.2359945541639692,0.7247900066431612,4.308012008550577,80.0
1782318581,100,Python,select_job_cycle,33.600000,0.000000,1,1,1,1,2,2,2,2,3,3,3,13396,0,1,1.2360647231100366,0.7247900066431612,4.308012008550577,80.0
1782318581,100,,Aggregated,33.600000,0.000000,1,1,1,1,2,2,2,2,3,3,3,13396,0,1,1.2360647231100366,0.7247900066431612,4.308012008550577,80.0
1782318585,100,Python,select_job_cycle,32.800000,0.000000,1,1,1,1,2,2,2,3,3,3,3,13514,0,1,1.2371977509832301,0.7247900066431612,4.308012008550577,80.0
1782318585,100,,Aggregated,32.800000,0.000000,1,1,1,1,2,2,2,3,3,3,3,13514,0,1,1.2371977509832301,0.7247900066431612,4.308012008550577,80.0
1782318589,100,Python,select_job_cycle,32.400000,0.000000,1,1,1,1,2,2,3,3,3,3,3,13634,0,1,1.2380265046053804,0.7247900066431612,4.308012008550577,80.0
1782318589,100,,Aggregated,32.400000,0.000000,1,1,1,1,2,2,3,3,3,3,3,13634,0,1,1.2380265046053804,0.7247900066431612,4.308012008550577,80.0
1782318592,100,Python,select_job_cycle,31.800000,0.000000,1,1,1,1,2,2,2,3,3,3,3,13748,0,1,1.2377440127192472,0.7247900066431612,4.308012008550577,80.0
1782318592,100,,Aggregated,31.800000,0.000000,1,1,1,1,2,2,2,3,3,3,3,13748,0,1,1.2377440127192472,0.7247900066431612,4.308012008550577,80.0
1782318596,100,Python,select_job_cycle,32.300000,0.000000,1,1,1,1,1,2,2,2,3,3,3,13862,0,1,1.2375363723739534,0.7247900066431612,4.308012008550577,80.0
1782318596,100,,Aggregated,32.300000,0.000000,1,1,1,1,1,2,2,2,3,3,3,13862,0,1,1.2375363723739534,0.7247900066431612,4.308012008550577,80.0
1782318600,100,Python,select_job_cycle,33.700000,0.000000,1,1,1,1,2,2,2,3,4,4,4,13975,0,1,1.238747717480905,0.7247900066431612,4.308012008550577,80.0
1782318600,100,,Aggregated,33.700000,0.000000,1,1,1,1,2,2,2,3,4,4,4,13975,0,1,1.238747717480905,0.7247900066431612,4.308012008550577,80.0
1782318603,100,Python,select_job_cycle,32.900000,0.000000,1,1,1,1,2,2,3,3,5,5,5,14093,0,1,1.240798669897674,0.7247900066431612,4.520530012086965,80.0
1782318603,100,,Aggregated,32.900000,0.000000,1,1,1,1,2,2,3,3,5,5,5,14093,0,1,1.240798669897674,0.7247900066431612,4.520530012086965,80.0
1782318607,100,Python,select_job_cycle,31.200000,0.000000,1,1,1,2,2,2,3,3,5,5,5,14205,0,1,1.241744359163846,0.7247900066431612,4.520530012086965,80.0
1782318607,100,,Aggregated,31.200000,0.000000,1,1,1,2,2,2,3,3,5,5,5,14205,0,1,1.241744359163846,0.7247900066431612,4.520530012086965,80.0
1782318611,100,Python,select_job_cycle,30.700000,0.000000,1,1,1,1,2,2,3,3,3,3,3,14320,0,1,1.2429263031358282,0.7247900066431612,4.520530012086965,80.0
1782318611,100,,Aggregated,30.700000,0.000000,1,1,1,1,2,2,3,3,3,3,3,14320,0,1,1.2429263031358282,0.7247900066431612,4.520530012086965,80.0
1782318615,100,Python,select_job_cycle,30.600000,0.000000,1,1,2,2,2,2,3,3,3,3,3,14437,0,1,1.2450552377811757,0.7247900066431612,4.520530012086965,80.0
1782318615,100,,Aggregated,30.600000,0.000000,1,1,2,2,2,2,3,3,3,3,3,14437,0,1,1.2450552377811757,0.7247900066431612,4.520530012086965,80.0
1782318618,100,Python,select_job_cycle,29.700000,0.000000,1,1,2,2,2,2,3,3,3,3,3,14556,0,1,1.2460486226254222,0.7247900066431612,4.520530012086965,80.0
1782318618,100,,Aggregated,29.700000,0.000000,1,1,2,2,2,2,3,3,3,3,3,14556,0,1,1.2460486226254222,0.7247900066431612,4.520530012086965,80.0
1782318622,100,Python,select_job_cycle,30.800000,0.000000,1,1,2,2,2,2,3,3,4,4,4,14670,0,1,1.2480455744975778,0.7247900066431612,4.520530012086965,80.0
1782318622,100,,Aggregated,30.800000,0.000000,1,1,2,2,2,2,3,3,4,4,4,14670,0,1,1.2480455744975778,0.7247900066431612,4.520530012086965,80.0
1782318626,100,Python,select_job_cycle,30.500000,0.000000,1,1,2,2,2,2,3,3,4,4,4,14784,0,1,1.2493124331632273,0.7247900066431612,4.520530012086965,80.0
1782318626,100,,Aggregated,30.500000,0.000000,1,1,2,2,2,2,3,3,4,4,4,14784,0,1,1.2493124331632273,0.7247900066431612,4.520530012086965,80.0
1782318630,100,Python,select_job_cycle,30.400000,0.000000,1,1,2,2,2,2,3,3,4,4,4,14900,0,1,1.2507375245556414,0.7247900066431612,4.520530012086965,80.0
1782318630,100,,Aggregated,30.400000,0.000000,1,1,2,2,2,2,3,3,4,4,4,14900,0,1,1.2507375245556414,0.7247900066431612,4.520530012086965,80.0
1782318633,100,Python,select_job_cycle,30.800000,0.000000,1,1,1,1,2,2,3,3,3,3,3,15013,0,1,1.2509690200443195,0.7247900066431612,4.520530012086965,80.0
1782318633,100,,Aggregated,30.800000,0.000000,1,1,1,1,2,2,3,3,3,3,3,15013,0,1,1.2509690200443195,0.7247900066431612,4.520530012086965,80.0
1782318637,100,Python,select_job_cycle,32.500000,0.000000,1,1,1,1,2,2,3,3,3,3,3,15130,0,1,1.252829432248771,0.7247900066431612,4.520530012086965,80.0
1782318637,100,,Aggregated,32.500000,0.000000,1,1,1,1,2,2,3,3,3,3,3,15130,0,1,1.252829432248771,0.7247900066431612,4.520530012086965,80.0
1782318641,100,Python,select_job_cycle,32.100000,0.000000,1,1,1,2,2,3,3,3,3,3,3,15248,0,1,1.254800107549172,0.7247900066431612,4.520530012086965,80.0
1782318641,100,,Aggregated,32.100000,0.000000,1,1,1,2,2,3,3,3,3,3,3,15248,0,1,1.254800107549172,0.7247900066431612,4.520530012086965,80.0
1782318644,100,Python,select_job_cycle,30.900000,0.000000,1,1,1,2,2,3,3,3,3,3,3,15358,0,1,1.2558554128803303,0.7247900066431612,4.520530012086965,80.0
1782318644,100,,Aggregated,30.900000,0.000000,1,1,1,2,2,3,3,3,3,3,3,15358,0,1,1.2558554128803303,0.7247900066431612,4.520530012086965,80.0
1782318648,100,Python,select_job_cycle,30.600000,0.000000,1,1,1,1,2,2,3,3,3,3,3,15475,0,1,1.2564110740611514,0.7247900066431612,4.520530012086965,80.0
1782318648,100,,Aggregated,30.600000,0.000000,1,1,1,1,2,2,3,3,3,3,3,15475,0,1,1.2564110740611514,0.7247900066431612,4.520530012086965,80.0
1782318652,100,Python,select_job_cycle,31.500000,0.000000,1,1,1,1,2,2,2,3,3,3,3,15590,0,1,1.2564422635739323,0.7247900066431612,4.520530012086965,80.0
1782318652,100,,Aggregated,31.500000,0.000000,1,1,1,1,2,2,2,3,3,3,3,15590,0,1,1.2564422635739323,0.7247900066431612,4.520530012086965,80.0
1782318655,100,Python,select_job_cycle,31.900000,0.000000,1,1,1,1,2,2,2,2,3,3,3,15705,0,1,1.25623451315413,0.7247900066431612,4.520530012086965,80.0
1782318655,100,,Aggregated,31.900000,0.000000,1,1,1,1,2,2,2,2,3,3,3,15705,0,1,1.25623451315413,0.7247900066431612,4.520530012086965,80.0
1782318659,100,Python,select_job_cycle,33.100000,0.000000,1,1,1,1,2,2,2,3,3,3,3,15826,0,1,1.256734348611551,0.7247900066431612,4.520530012086965,80.0
1782318659,100,,Aggregated,33.100000,0.000000,1,1,1,1,2,2,2,3,3,3,3,15826,0,1,1.256734348611551,0.7247900066431612,4.520530012086965,80.0
1782318662,100,Python,select_job_cycle,32.200000,0.000000,1,1,1,1,1,2,2,2,3,3,3,15948,0,1,1.2565261575160358,0.7247900066431612,4.520530012086965,80.0
1782318662,100,,Aggregated,32.200000,0.000000,1,1,1,1,1,2,2,2,3,3,3,15948,0,1,1.2565261575160358,0.7247900066431612,4.520530012086965,80.0
1782318666,100,Python,select_job_cycle,33.100000,0.000000,1,1,1,1,1,2,2,2,3,3,3,16067,0,1,1.2567601720980583,0.7247900066431612,4.520530012086965,80.0
1782318666,100,,Aggregated,33.100000,0.000000,1,1,1,1,1,2,2,2,3,3,3,16067,0,1,1.2567601720980583,0.7247900066431612,4.520530012086965,80.0
1782318670,100,Python,select_job_cycle,32.600000,0.000000,1,1,1,1,2,2,2,3,3,3,3,16181,0,1,1.257004320513205,0.7247900066431612,4.520530012086965,80.0
1782318670,100,,Aggregated,32.600000,0.000000,1,1,1,1,2,2,2,3,3,3,3,16181,0,1,1.257004320513205,0.7247900066431612,4.520530012086965,80.0
1782318673,100,Python,select_job_cycle,32.700000,0.000000,1,1,1,1,2,2,2,3,3,3,3,16297,0,1,1.257736384631748,0.7247900066431612,4.520530012086965,80.0
1782318673,100,,Aggregated,32.700000,0.000000,1,1,1,1,2,2,2,3,3,3,3,16297,0,1,1.257736384631748,0.7247900066431612,4.520530012086965,80.0
1782318677,100,Python,select_job_cycle,31.500000,0.000000,1,1,1,1,2,2,3,3,4,4,4,16408,0,1,1.2586366765784929,0.7247900066431612,4.520530012086965,80.0
1782318677,100,,Aggregated,31.500000,0.000000,1,1,1,1,2,2,3,3,4,4,4,16408,0,1,1.2586366765784929,0.7247900066431612,4.520530012086965,80.0
1782318680,100,Python,select_job_cycle,32.200000,0.000000,1,1,1,1,2,2,3,3,4,4,4,16523,0,1,1.258210297175954,0.7247900066431612,4.520530012086965,80.0
1782318680,100,,Aggregated,32.200000,0.000000,1,1,1,1,2,2,3,3,4,4,4,16523,0,1,1.258210297175954,0.7247900066431612,4.520530012086965,80.0
1782318683,100,Python,select_job_cycle,32.900000,0.000000,1,1,1,1,2,2,2,2,3,3,3,16646,0,1,1.2574017316023367,0.7247900066431612,4.520530012086965,80.0
1782318683,100,,Aggregated,32.900000,0.000000,1,1,1,1,2,2,2,2,3,3,3,16646,0,1,1.2574017316023367,0.7247900066431612,4.520530012086965,80.0
1782318687,100,Python,select_job_cycle,34.700000,0.000000,1,1,1,1,1,2,2,2,3,3,3,16760,0,1,1.257147309323627,0.7247900066431612,4.520530012086965,80.0
1782318687,100,,Aggregated,34.700000,0.000000,1,1,1,1,1,2,2,2,3,3,3,16760,0,1,1.257147309323627,0.7247900066431612,4.520530012086965,80.0
1782318690,100,Python,select_job_cycle,34.800000,0.000000,1,1,1,1,1,2,2,2,3,3,3,16875,0,1,1.2562176295237064,0.7247900066431612,4.520530012086965,80.0
1782318690,100,,Aggregated,34.800000,0.000000,1,1,1,1,1,2,2,2,3,3,3,16875,0,1,1.2562176295237064,0.7247900066431612,4.520530012086965,80.0
1782318693,100,Python,select_job_cycle,35.300000,0.000000,1,1,1,1,1,2,2,2,3,3,3,16992,0,1,1.2551720482750652,0.7247900066431612,4.520530012086965,80.0
1782318693,100,,Aggregated,35.300000,0.000000,1,1,1,1,1,2,2,2,3,3,3,16992,0,1,1.2551720482750652,0.7247900066431612,4.520530012086965,80.0
1782318696,100,Python,select_job_cycle,35.500000,0.000000,1,1,1,1,1,1,2,2,3,3,3,17112,0,1,1.2541987480302874,0.7247900066431612,4.520530012086965,80.0
1782318696,100,,Aggregated,35.500000,0.000000,1,1,1,1,1,1,2,2,3,3,3,17112,0,1,1.2541987480302874,0.7247900066431612,4.520530012086965,80.0
1782318700,100,Python,select_job_cycle,36.300000,0.000000,1,1,1,1,1,1,2,2,2,2,2,17225,0,1,1.2534432664901527,0.7247900066431612,4.520530012086965,80.0
1782318700,100,,Aggregated,36.300000,0.000000,1,1,1,1,1,1,2,2,2,2,2,17225,0,1,1.2534432664901527,0.7247900066431612,4.520530012086965,80.0
1782318703,100,Python,select_job_cycle,35.900000,0.000000,1,1,1,1,1,1,2,2,2,2,2,17347,0,1,1.252410005319352,0.7247900066431612,4.520530012086965,80.0
1782318703,100,,Aggregated,35.900000,0.000000,1,1,1,1,1,1,2,2,2,2,2,17347,0,1,1.252410005319352,0.7247900066431612,4.520530012086965,80.0
1782318707,100,Python,select_job_cycle,35.800000,0.000000,1,1,1,1,1,2,2,3,3,3,3,17465,0,1,1.2526036024752125,0.7247900066431612,4.520530012086965,80.0
1782318707,100,,Aggregated,35.800000,0.000000,1,1,1,1,1,2,2,3,3,3,3,17465,0,1,1.2526036024752125,0.7247900066431612,4.520530012086965,80.0
1782318711,100,Python,select_job_cycle,33.100000,0.000000,1,1,1,1,2,2,3,4,6,6,6,17578,0,1,1.254544970541563,0.7247900066431612,6.315954000456259,80.0
1782318711,100,,Aggregated,33.100000,0.000000,1,1,1,1,2,2,3,4,6,6,6,17578,0,1,1.254544970541563,0.7247900066431612,6.315954000456259,80.0
1782318715,100,Python,select_job_cycle,30.100000,0.000000,1,1,2,2,2,3,4,5,6,6,6,17689,0,1,1.2563211192359722,0.7247900066431612,6.315954000456259,80.0
1782318715,100,,Aggregated,30.100000,0.000000,1,1,2,2,2,3,4,5,6,6,6,17689,0,1,1.2563211192359722,0.7247900066431612,6.315954000456259,80.0
1782318718,100,Python,select_job_cycle,29.700000,0.000000,1,1,1,1,2,2,3,4,5,5,5,17809,0,1,1.256194068856486,0.7247900066431612,6.315954000456259,80.0
1782318718,100,,Aggregated,29.700000,0.000000,1,1,1,1,2,2,3,4,5,5,5,17809,0,1,1.256194068856486,0.7247900066431612,6.315954000456259,80.0
1782318722,100,Python,select_job_cycle,31.000000,0.000000,1,1,1,1,2,2,3,3,4,4,4,17925,0,1,1.2580189200170466,0.7247900066431612,6.315954000456259,80.0
1782318722,100,,Aggregated,31.000000,0.000000,1,1,1,1,2,2,3,3,4,4,4,17925,0,1,1.2580189200170466,0.7247900066431612,6.315954000456259,80.0
1782318726,100,Python,select_job_cycle,32.100000,0.000000,1,1,1,1,2,3,3,3,4,4,4,18041,0,1,1.2586557734258343,0.7247900066431612,6.315954000456259,80.0
1782318726,100,,Aggregated,32.100000,0.000000,1,1,1,1,2,3,3,3,4,4,4,18041,0,1,1.2586557734258343,0.7247900066431612,6.315954000456259,80.0
1782318729,100,Python,select_job_cycle,31.500000,0.000000,1,1,1,2,2,2,3,3,4,4,4,18157,0,1,1.2594726893956791,0.7247900066431612,6.315954000456259,80.0
1782318729,100,,Aggregated,31.500000,0.000000,1,1,1,2,2,2,3,3,4,4,4,18157,0,1,1.2594726893956791,0.7247900066431612,6.315954000456259,80.0
1782318733,100,Python,select_job_cycle,31.400000,0.000000,1,1,1,2,2,2,3,3,3,3,3,18271,0,1,1.260312909061592,0.7247900066431612,6.315954000456259,80.0
1782318733,100,,Aggregated,31.400000,0.000000,1,1,1,2,2,2,3,3,3,3,3,18271,0,1,1.260312909061592,0.7247900066431612,6.315954000456259,80.0
1782318737,100,Python,select_job_cycle,31.200000,0.000000,1,1,1,2,2,2,3,3,5,5,5,18388,0,1,1.2615408273042081,0.7247900066431612,6.315954000456259,80.0
1782318737,100,,Aggregated,31.200000,0.000000,1,1,1,2,2,2,3,3,5,5,5,18388,0,1,1.2615408273042081,0.7247900066431612,6.315954000456259,80.0
1782318740,100,Python,select_job_cycle,30.400000,0.000000,1,1,1,2,2,3,3,3,5,5,5,18500,0,1,1.262595553322368,0.7247900066431612,6.315954000456259,80.0
1782318740,100,,Aggregated,30.400000,0.000000,1,1,1,2,2,3,3,3,5,5,5,18500,0,1,1.262595553322368,0.7247900066431612,6.315954000456259,80.0
1782318744,100,Python,select_job_cycle,30.100000,0.000000,1,1,1,2,2,2,3,3,3,3,3,18614,0,1,1.2635041321299263,0.7247900066431612,6.315954000456259,80.0
1782318744,100,,Aggregated,30.100000,0.000000,1,1,1,2,2,2,3,3,3,3,3,18614,0,1,1.2635041321299263,0.7247900066431612,6.315954000456259,80.0
1782318748,100,Python,select_job_cycle,30.200000,0.000000,1,1,1,2,2,2,3,3,3,3,3,18726,0,1,1.263792780388383,0.7247900066431612,6.315954000456259,80.0
1782318748,100,,Aggregated,30.200000,0.000000,1,1,1,2,2,2,3,3,3,3,3,18726,0,1,1.263792780388383,0.7247900066431612,6.315954000456259,80.0
1782318751,100,Python,select_job_cycle,31.400000,0.000000,1,1,1,1,2,2,2,2,3,3,3,18841,0,1,1.264213687356048,0.7247900066431612,6.315954000456259,80.0
1782318751,100,,Aggregated,31.400000,0.000000,1,1,1,1,2,2,2,2,3,3,3,18841,0,1,1.264213687356048,0.7247900066431612,6.315954000456259,80.0
1782318755,100,Python,select_job_cycle,31.500000,0.000000,1,1,1,1,2,2,2,3,3,3,3,18950,0,1,1.2648933251472227,0.7247900066431612,6.315954000456259,80.0
1782318755,100,,Aggregated,31.500000,0.000000,1,1,1,1,2,2,2,3,3,3,3,18950,0,1,1.2648933251472227,0.7247900066431612,6.315954000456259,80.0
1782318758,100,Python,select_job_cycle,32.600000,0.000000,1,1,1,1,2,2,2,3,3,3,3,19065,0,1,1.2652738493339457,0.7247900066431612,6.315954000456259,80.0
1782318758,100,,Aggregated,32.600000,0.000000,1,1,1,1,2,2,2,3,3,3,3,19065,0,1,1.2652738493339457,0.7247900066431612,6.315954000456259,80.0
1782318762,100,Python,select_job_cycle,31.700000,0.000000,1,1,1,1,2,2,2,2,3,3,3,19181,0,1,1.2655501836993095,0.7247900066431612,6.315954000456259,80.0
1782318762,100,,Aggregated,31.700000,0.000000,1,1,1,1,2,2,2,2,3,3,3,19181,0,1,1.2655501836993095,0.7247900066431612,6.315954000456259,80.0
1782318766,100,Python,select_job_cycle,31.400000,0.000000,1,1,1,1,2,2,2,3,3,3,3,19300,0,1,1.2659511312681317,0.7247900066431612,6.315954000456259,80.0
1782318766,100,,Aggregated,31.400000,0.000000,1,1,1,1,2,2,2,3,3,3,3,19300,0,1,1.2659511312681317,0.7247900066431612,6.315954000456259,80.0
1782318770,100,Python,select_job_cycle,31.200000,0.000000,1,1,1,2,2,3,3,3,3,3,3,19412,0,1,1.2682394144068514,0.7247900066431612,6.315954000456259,80.0
1782318770,100,,Aggregated,31.200000,0.000000,1,1,1,2,2,3,3,3,3,3,3,19412,0,1,1.2682394144068514,0.7247900066431612,6.315954000456259,80.0
1782318774,100,Python,select_job_cycle,28.900000,0.000000,1,2,2,2,2,3,3,3,3,3,3,19532,0,1,1.2699722187371882,0.7247900066431612,6.315954000456259,80.0
1782318774,100,,Aggregated,28.900000,0.000000,1,2,2,2,2,3,3,3,3,3,3,19532,0,1,1.2699722187371882,0.7247900066431612,6.315954000456259,80.0
1782318778,100,Python,select_job_cycle,28.000000,0.000000,1,1,2,2,2,3,3,3,3,3,3,19648,0,1,1.2706388747115047,0.7247900066431612,6.315954000456259,80.0
1782318778,100,,Aggregated,28.000000,0.000000,1,1,2,2,2,3,3,3,3,3,3,19648,0,1,1.2706388747115047,0.7247900066431612,6.315954000456259,80.0
1782318781,100,Python,select_job_cycle,30.600000,0.000000,1,1,1,2,2,2,3,3,3,3,3,19761,0,1,1.270913465832086,0.7247900066431612,6.315954000456259,80.0
1782318781,100,,Aggregated,30.600000,0.000000,1,1,1,2,2,2,3,3,3,3,3,19761,0,1,1.270913465832086,0.7247900066431612,6.315954000456259,80.0
1782318785,100,Python,select_job_cycle,31.100000,0.000000,1,1,1,2,2,2,3,3,3,3,3,19876,0,1,1.2723278220633343,0.7247900066431612,6.315954000456259,80.0
1782318785,100,,Aggregated,31.100000,0.000000,1,1,1,2,2,2,3,3,3,3,3,19876,0,1,1.2723278220633343,0.7247900066431612,6.315954000456259,80.0
1782318789,100,Python,select_job_cycle,30.500000,0.000000,1,1,2,2,2,2,3,3,3,3,3,19993,0,1,1.2732496306428254,0.7247900066431612,6.315954000456259,80.0
1782318789,100,,Aggregated,30.500000,0.000000,1,1,2,2,2,2,3,3,3,3,3,19993,0,1,1.2732496306428254,0.7247900066431612,6.315954000456259,80.0
1782318793,100,Python,select_job_cycle,30.300000,0.000000,1,1,1,2,2,2,3,3,3,3,3,20107,0,1,1.2732336644645266,0.7247900066431612,6.315954000456259,80.0
1782318793,100,,Aggregated,30.300000,0.000000,1,1,1,2,2,2,3,3,3,3,3,20107,0,1,1.2732336644645266,0.7247900066431612,6.315954000456259,80.0
1782318796,100,Python,select_job_cycle,31.600000,0.000000,1,1,1,1,2,2,3,3,3,3,3,20221,0,1,1.274299552266526,0.7247900066431612,6.315954000456259,80.0
1782318796,100,,Aggregated,31.600000,0.000000,1,1,1,1,2,2,3,3,3,3,3,20221,0,1,1.274299552266526,0.7247900066431612,6.315954000456259,80.0
1782318800,100,Python,select_job_cycle,31.300000,0.000000,1,1,1,1,2,2,3,3,3,3,3,20341,0,1,1.2746983120014357,0.7247900066431612,6.315954000456259,80.0
1782318800,100,,Aggregated,31.300000,0.000000,1,1,1,1,2,2,3,3,3,3,3,20341,0,1,1.2746983120014357,0.7247900066431612,6.315954000456259,80.0
1782318804,100,Python,select_job_cycle,31.400000,0.000000,1,1,2,2,2,2,3,3,3,3,3,20457,0,1,1.2762075175997496,0.7247900066431612,6.315954000456259,80.0
1782318804,100,,Aggregated,31.400000,0.000000,1,1,2,2,2,2,3,3,3,3,3,20457,0,1,1.2762075175997496,0.7247900066431612,6.315954000456259,80.0
1782318808,100,Python,select_job_cycle,30.600000,0.000000,1,1,1,2,2,2,3,3,3,3,3,20575,0,1,1.2763787444290804,0.7247900066431612,6.315954000456259,80.0
1782318808,100,,Aggregated,30.600000,0.000000,1,1,1,2,2,2,3,3,3,3,3,20575,0,1,1.2763787444290804,0.7247900066431612,6.315954000456259,80.0
1782318811,100,Python,select_job_cycle,31.600000,0.000000,1,1,1,2,2,2,3,3,3,3,3,20692,0,1,1.276027551064169,0.7247900066431612,6.315954000456259,80.0
1782318811,100,,Aggregated,31.600000,0.000000,1,1,1,2,2,2,3,3,3,3,3,20692,0,1,1.276027551064169,0.7247900066431612,6.315954000456259,80.0
1782318815,100,Python,select_job_cycle,32.300000,0.000000,1,1,1,1,2,2,3,3,4,4,4,20807,0,1,1.2767063222293096,0.7247900066431612,6.315954000456259,80.0
1782318815,100,,Aggregated,32.300000,0.000000,1,1,1,1,2,2,3,3,4,4,4,20807,0,1,1.2767063222293096,0.7247900066431612,6.315954000456259,80.0
1782318819,100,Python,select_job_cycle,32.200000,0.000000,1,1,1,1,2,3,3,3,4,4,4,20917,0,1,1.2779209344783424,0.7247900066431612,6.315954000456259,80.0
1782318819,100,,Aggregated,32.200000,0.000000,1,1,1,1,2,3,3,3,4,4,4,20917,0,1,1.2779209344783424,0.7247900066431612,6.315954000456259,80.0
1782318822,100,Python,select_job_cycle,31.300000,0.000000,1,1,1,2,2,3,3,3,4,4,4,21034,0,1,1.2782773730835262,0.7247900066431612,6.315954000456259,80.0
1782318822,100,,Aggregated,31.300000,0.000000,1,1,1,2,2,3,3,3,4,4,4,21034,0,1,1.2782773730835262,0.7247900066431612,6.315954000456259,80.0
1782318826,100,Python,select_job_cycle,31.300000,0.000000,1,1,1,1,2,2,3,3,3,3,3,21156,0,1,1.2777797292208084,0.7247900066431612,6.315954000456259,80.0
1782318826,100,,Aggregated,31.300000,0.000000,1,1,1,1,2,2,3,3,3,3,3,21156,0,1,1.2777797292208084,0.7247900066431612,6.315954000456259,80.0
1782318829,100,Python,select_job_cycle,32.200000,0.000000,1,1,1,1,2,2,2,2,3,3,3,21274,0,1,1.2774052108370606,0.7247900066431612,6.315954000456259,80.0
1782318829,100,,Aggregated,32.200000,0.000000,1,1,1,1,2,2,2,2,3,3,3,21274,0,1,1.2774052108370606,0.7247900066431612,6.315954000456259,80.0
1782318833,100,Python,select_job_cycle,33.300000,0.000000,1,1,1,1,2,2,2,2,3,3,3,21388,0,1,1.2774371033995888,0.7247900066431612,6.315954000456259,80.0
1782318833,100,,Aggregated,33.300000,0.000000,1,1,1,1,2,2,2,2,3,3,3,21388,0,1,1.2774371033995888,0.7247900066431612,6.315954000456259,80.0
1782318836,100,Python,select_job_cycle,33.200000,0.000000,1,1,1,1,2,2,2,2,3,3,3,21502,0,1,1.2777378477610941,0.7247900066431612,6.315954000456259,80.0
1782318836,100,,Aggregated,33.200000,0.000000,1,1,1,1,2,2,2,2,3,3,3,21502,0,1,1.2777378477610941,0.7247900066431612,6.315954000456259,80.0
1782318840,100,Python,select_job_cycle,32.300000,0.000000,1,1,1,1,2,2,2,2,3,3,3,21617,0,1,1.278447013166138,0.7247900066431612,6.315954000456259,80.0
1782318840,100,,Aggregated,32.300000,0.000000,1,1,1,1,2,2,2,2,3,3,3,21617,0,1,1.278447013166138,0.7247900066431612,6.315954000456259,80.0
1782318844,100,Python,select_job_cycle,31.200000,0.000000,1,1,2,2,2,3,3,3,5,5,5,21733,0,1,1.280098838980231,0.7247900066431612,6.315954000456259,80.0
1782318844,100,,Aggregated,31.200000,0.000000,1,1,2,2,2,3,3,3,5,5,5,21733,0,1,1.280098838980231,0.7247900066431612,6.315954000456259,80.0
1782318848,100,Python,select_job_cycle,30.200000,0.000000,1,1,1,2,2,3,3,3,5,5,5,21852,0,1,1.280017557729529,0.7247900066431612,6.315954000456259,80.0
1782318848,100,,Aggregated,30.200000,0.000000,1,1,1,2,2,3,3,3,5,5,5,21852,0,1,1.280017557729529,0.7247900066431612,6.315954000456259,80.0
1782318851,100,Python,select_job_cycle,30.600000,0.000000,1,1,1,1,2,2,3,3,4,4,4,21972,0,1,1.2796286037018174,0.7247900066431612,6.315954000456259,80.0
1782318851,100,,Aggregated,30.600000,0.000000,1,1,1,1,2,2,3,3,4,4,4,21972,0,1,1.2796286037018174,0.7247900066431612,6.315954000456259,80.0
1782318855,100,Python,select_job_cycle,32.900000,0.000000,1,1,1,1,1,2,2,2,3,3,3,22089,0,1,1.2792459864894783,0.7247900066431612,6.315954000456259,80.0
1782318855,100,,Aggregated,32.900000,0.000000,1,1,1,1,1,2,2,2,3,3,3,22089,0,1,1.2792459864894783,0.7247900066431612,6.315954000456259,80.0
1782318858,100,Python,select_job_cycle,34.000000,0.000000,1,1,1,1,2,2,2,2,3,3,3,22208,0,1,1.2787249544562813,0.7247900066431612,6.315954000456259,80.0
1782318858,100,,Aggregated,34.000000,0.000000,1,1,1,1,2,2,2,2,3,3,3,22208,0,1,1.2787249544562813,0.7247900066431612,6.315954000456259,80.0
1782318861,100,Python,select_job_cycle,34.000000,0.000000,1,1,1,1,1,2,2,2,3,3,3,22328,0,1,1.278252745903246,0.7247900066431612,6.315954000456259,80.0
1782318861,100,,Aggregated,34.000000,0.000000,1,1,1,1,1,2,2,2,3,3,3,22328,0,1,1.278252745903246,0.7247900066431612,6.315954000456259,80.0
1782318865,100,Python,select_job_cycle,34.900000,0.000000,1,1,1,1,1,2,2,2,2,2,2,22443,0,1,1.2776475189781191,0.7247900066431612,6.315954000456259,80.0
1782318865,100,,Aggregated,34.900000,0.000000,1,1,1,1,1,2,2,2,2,2,2,22443,0,1,1.2776475189781191,0.7247900066431612,6.315954000456259,80.0
1782318868,100,Python,select_job_cycle,35.600000,0.000000,1,1,1,1,1,2,2,2,2,2,2,22563,0,1,1.27702705027421,0.7247900066431612,6.315954000456259,80.0
1782318868,100,,Aggregated,35.600000,0.000000,1,1,1,1,1,2,2,2,2,2,2,22563,0,1,1.27702705027421,0.7247900066431612,6.315954000456259,80.0
1782318872,100,Python,select_job_cycle,34.700000,0.000000,1,1,1,1,1,2,2,2,2,2,2,22682,0,1,1.2770247748119514,0.7247900066431612,6.315954000456259,80.0
1782318872,100,,Aggregated,34.700000,0.000000,1,1,1,1,1,2,2,2,2,2,2,22682,0,1,1.2770247748119514,0.7247900066431612,6.315954000456259,80.0
1782318875,100,Python,select_job_cycle,34.100000,0.000000,1,1,1,1,1,2,2,2,3,3,3,22802,0,1,1.2765644715922397,0.7247900066431612,6.315954000456259,80.0
1782318875,100,,Aggregated,34.100000,0.000000,1,1,1,1,1,2,2,2,3,3,3,22802,0,1,1.2765644715922397,0.7247900066431612,6.315954000456259,80.0
1782318879,100,Python,select_job_cycle,33.300000,0.000000,1,1,1,1,2,2,2,3,3,3,3,22918,0,1,1.2767731703989882,0.7247900066431612,6.315954000456259,80.0
1782318879,100,,Aggregated,33.300000,0.000000,1,1,1,1,2,2,2,3,3,3,3,22918,0,1,1.2767731703989882,0.7247900066431612,6.315954000456259,80.0
1782318882,100,Python,select_job_cycle,32.900000,0.000000,1,1,1,1,2,2,3,3,3,3,3,23030,0,1,1.2774430067394253,0.7247900066431612,6.315954000456259,80.0
1782318882,100,,Aggregated,32.900000,0.000000,1,1,1,1,2,2,3,3,3,3,3,23030,0,1,1.2774430067394253,0.7247900066431612,6.315954000456259,80.0
1782318886,100,Python,select_job_cycle,32.000000,0.000000,1,1,1,1,2,2,3,3,3,3,3,23142,0,1,1.277379379362803,0.7247900066431612,6.315954000456259,80.0
1782318886,100,,Aggregated,32.000000,0.000000,1,1,1,1,2,2,3,3,3,3,3,23142,0,1,1.277379379362803,0.7247900066431612,6.315954000456259,80.0
1782318889,100,Python,select_job_cycle,32.300000,0.000000,1,1,1,1,2,2,3,3,3,3,3,23262,0,1,1.2768422476668104,0.7247900066431612,6.315954000456259,80.0
1782318889,100,,Aggregated,32.300000,0.000000,1,1,1,1,2,2,3,3,3,3,3,23262,0,1,1.2768422476668104,0.7247900066431612,6.315954000456259,80.0
1782318893,100,Python,select_job_cycle,33.200000,0.000000,1,1,1,1,2,2,2,2,2,2,2,23380,0,1,1.2770238793505853,0.7247900066431612,6.315954000456259,80.0
1782318893,100,,Aggregated,33.200000,0.000000,1,1,1,1,2,2,2,2,2,2,2,23380,0,1,1.2770238793505853,0.7247900066431612,6.315954000456259,80.0
1782318896,100,Python,select_job_cycle,33.400000,0.000000,1,1,1,1,2,2,2,3,3,3,3,23494,0,1,1.277334294466428,0.7247900066431612,6.315954000456259,80.0
1782318896,100,,Aggregated,33.400000,0.000000,1,1,1,1,2,2,2,3,3,3,3,23494,0,1,1.277334294466428,0.7247900066431612,6.315954000456259,80.0
1782318900,100,Python,select_job_cycle,33.000000,0.000000,1,1,1,1,2,2,3,3,4,4,4,23608,0,1,1.2775273575125425,0.7247900066431612,6.315954000456259,80.0
1782318900,100,,Aggregated,33.000000,0.000000,1,1,1,1,2,2,3,3,4,4,4,23608,0,1,1.2775273575125425,0.7247900066431612,6.315954000456259,80.0
1782318903,100,Python,select_job_cycle,32.900000,0.000000,1,1,1,1,2,2,2,3,4,4,4,23723,0,1,1.2772690298945049,0.7247900066431612,6.315954000456259,80.0
1782318903,100,,Aggregated,32.900000,0.000000,1,1,1,1,2,2,2,3,4,4,4,23723,0,1,1.2772690298945049,0.7247900066431612,6.315954000456259,80.0
1782318907,100,Python,select_job_cycle,34.100000,0.000000,1,1,1,1,1,2,2,3,4,4,4,23844,0,1,1.2763419881372786,0.7247900066431612,6.315954000456259,80.0
1782318907,100,,Aggregated,34.100000,0.000000,1,1,1,1,1,2,2,3,4,4,4,23844,0,1,1.2763419881372786,0.7247900066431612,6.315954000456259,80.0
1782318910,100,Python,select_job_cycle,34.000000,0.000000,1,1,1,1,1,1,2,2,3,3,3,23961,0,1,1.2756993118055169,0.7247900066431612,6.315954000456259,80.0
1782318910,100,,Aggregated,34.000000,0.000000,1,1,1,1,1,1,2,2,3,3,3,23961,0,1,1.2756993118055169,0.7247900066431612,6.315954000456259,80.0
1782318913,100,Python,select_job_cycle,35.300000,0.000000,1,1,1,1,1,1,2,2,3,3,3,24076,0,1,1.275159368260464,0.7247900066431612,6.315954000456259,80.0
1782318913,100,,Aggregated,35.300000,0.000000,1,1,1,1,1,1,2,2,3,3,3,24076,0,1,1.275159368260464,0.7247900066431612,6.315954000456259,80.0
1782318917,100,Python,select_job_cycle,35.700000,0.000000,1,1,1,1,2,2,3,3,4,4,4,24194,0,1,1.2764816250791047,0.7247900066431612,6.315954000456259,80.0
1782318917,100,,Aggregated,35.700000,0.000000,1,1,1,1,2,2,3,3,4,4,4,24194,0,1,1.2764816250791047,0.7247900066431612,6.315954000456259,80.0
1782318921,100,Python,select_job_cycle,31.700000,0.000000,1,1,2,2,2,3,3,3,4,4,4,24307,0,1,1.2775538259015262,0.7247900066431612,6.315954000456259,80.0
1782318921,100,,Aggregated,31.700000,0.000000,1,1,2,2,2,3,3,3,4,4,4,24307,0,1,1.2775538259015262,0.7247900066431612,6.315954000456259,80.0
1782318925,100,Python,select_job_cycle,29.700000,0.000000,1,1,2,2,2,3,3,3,4,4,4,24421,0,1,1.2775433305028472,0.7247900066431612,6.315954000456259,80.0
1782318925,100,,Aggregated,29.700000,0.000000,1,1,2,2,2,3,3,3,4,4,4,24421,0,1,1.2775433305028472,0.7247900066431612,6.315954000456259,80.0
1782318928,100,Python,select_job_cycle,29.200000,0.000000,1,1,1,1,2,2,3,3,4,4,4,24540,0,1,1.278476329104447,0.7247900066431612,6.315954000456259,80.0
1782318928,100,,Aggregated,29.200000,0.000000,1,1,1,1,2,2,3,3,4,4,4,24540,0,1,1.278476329104447,0.7247900066431612,6.315954000456259,80.0
1782318932,100,Python,select_job_cycle,33.000000,0.000000,1,1,1,1,2,2,3,3,4,4,4,24656,0,1,1.2783614805449868,0.7247900066431612,6.315954000456259,80.0
1782318932,100,,Aggregated,33.000000,0.000000,1,1,1,1,2,2,3,3,4,4,4,24656,0,1,1.2783614805449868,0.7247900066431612,6.315954000456259,80.0
1782318935,100,Python,select_job_cycle,33.000000,0.000000,1,1,1,1,2,2,3,3,4,4,4,24777,0,1,1.2782725464562057,0.7247900066431612,6.315954000456259,80.0
1782318935,100,,Aggregated,33.000000,0.000000,1,1,1,1,2,2,3,3,4,4,4,24777,0,1,1.2782725464562057,0.7247900066431612,6.315954000456259,80.0
1782318939,100,Python,select_job_cycle,33.400000,0.000000,1,1,1,1,2,2,2,3,3,3,3,24894,0,1,1.2781163839261152,0.7247900066431612,6.315954000456259,80.0
1782318939,100,,Aggregated,33.400000,0.000000,1,1,1,1,2,2,2,3,3,3,3,24894,0,1,1.2781163839261152,0.7247900066431612,6.315954000456259,80.0
1782318942,100,Python,select_job_cycle,33.500000,0.000000,1,1,1,1,1,2,2,2,3,3,3,25015,0,1,1.2775912582197866,0.7247900066431612,6.315954000456259,80.0
1782318942,100,,Aggregated,33.500000,0.000000,1,1,1,1,1,2,2,2,3,3,3,25015,0,1,1.2775912582197866,0.7247900066431612,6.315954000456259,80.0
1782318946,100,Python,select_job_cycle,34.400000,0.000000,1,1,1,1,1,2,2,2,3,3,3,25131,0,1,1.2772983143261454,0.7247900066431612,6.315954000456259,80.0
1782318946,100,,Aggregated,34.400000,0.000000,1,1,1,1,1,2,2,2,3,3,3,25131,0,1,1.2772983143261454,0.7247900066431612,6.315954000456259,80.0
1782318949,100,Python,select_job_cycle,34.600000,0.000000,1,1,1,1,1,2,2,2,2,2,2,25248,0,1,1.2767618199193516,0.7247900066431612,6.315954000456259,80.0
1782318949,100,,Aggregated,34.600000,0.000000,1,1,1,1,1,2,2,2,2,2,2,25248,0,1,1.2767618199193516,0.7247900066431612,6.315954000456259,80.0
1782318952,100,Python,select_job_cycle,35.000000,0.000000,1,1,1,1,1,2,2,2,2,2,2,25367,0,1,1.2765240771632824,0.7247900066431612,6.315954000456259,80.0
1782318952,100,,Aggregated,35.000000,0.000000,1,1,1,1,1,2,2,2,2,2,2,25367,0,1,1.2765240771632824,0.7247900066431612,6.315954000456259,80.0
1782318956,100,Python,select_job_cycle,34.600000,0.000000,1,1,1,1,1,2,2,2,2,2,2,25483,0,1,1.2761019032771157,0.7247900066431612,6.315954000456259,80.0
1782318956,100,,Aggregated,34.600000,0.000000,1,1,1,1,1,2,2,2,2,2,2,25483,0,1,1.2761019032771157,0.7247900066431612,6.315954000456259,80.0
1782318959,100,Python,select_job_cycle,34.900000,0.000000,1,1,1,1,1,2,2,2,3,3,3,25596,0,1,1.2758831933591044,0.7247900066431612,6.315954000456259,80.0
1782318959,100,,Aggregated,34.900000,0.000000,1,1,1,1,1,2,2,2,3,3,3,25596,0,1,1.2758831933591044,0.7247900066431612,6.315954000456259,80.0
1782318962,100,Python,select_job_cycle,33.900000,0.000000,1,1,1,1,1,2,2,2,3,3,3,25710,0,1,1.2755012761674742,0.7247900066431612,6.315954000456259,80.0
1782318962,100,,Aggregated,33.900000,0.000000,1,1,1,1,1,2,2,2,3,3,3,25710,0,1,1.2755012761674742,0.7247900066431612,6.315954000456259,80.0
1782318966,100,Python,select_job_cycle,34.500000,0.000000,1,1,1,1,2,2,2,2,3,3,3,25830,0,1,1.275593261295194,0.7247900066431612,6.315954000456259,80.0
1782318966,100,,Aggregated,34.500000,0.000000,1,1,1,1,2,2,2,2,3,3,3,25830,0,1,1.275593261295194,0.7247900066431612,6.315954000456259,80.0
1782318969,100,Python,select_job_cycle,33.400000,0.000000,1,1,1,1,1,2,2,2,3,3,3,25952,0,1,1.2750316405781879,0.7247900066431612,6.315954000456259,80.0
1782318969,100,,Aggregated,33.400000,0.000000,1,1,1,1,1,2,2,2,3,3,3,25952,0,1,1.2750316405781879,0.7247900066431612,6.315954000456259,80.0
1782318973,100,Python,select_job_cycle,34.500000,0.000000,1,1,1,1,1,2,2,3,3,3,3,26069,0,1,1.2750984235428038,0.7247900066431612,6.315954000456259,80.0
1782318973,100,,Aggregated,34.500000,0.000000,1,1,1,1,1,2,2,3,3,3,3,26069,0,1,1.2750984235428038,0.7247900066431612,6.315954000456259,80.0
1782318976,100,Python,select_job_cycle,33.600000,0.000000,1,1,1,1,1,2,2,3,3,3,3,26187,0,1,1.2749846842805528,0.7247900066431612,6.315954000456259,80.0
1782318976,100,,Aggregated,33.600000,0.000000,1,1,1,1,1,2,2,3,3,3,3,26187,0,1,1.2749846842805528,0.7247900066431612,6.315954000456259,80.0
1782318980,100,Python,select_job_cycle,33.700000,0.000000,1,1,1,1,2,2,3,3,3,3,3,26306,0,1,1.2751400690805776,0.7247900066431612,6.315954000456259,80.0
1782318980,100,,Aggregated,33.700000,0.000000,1,1,1,1,2,2,3,3,3,3,3,26306,0,1,1.2751400690805776,0.7247900066431612,6.315954000456259,80.0
1782318984,100,Python,select_job_cycle,33.000000,0.000000,1,1,1,1,2,2,2,3,3,3,3,26425,0,1,1.2754712674027535,0.7247900066431612,6.315954000456259,80.0
1782318984,100,,Aggregated,33.000000,0.000000,1,1,1,1,2,2,2,3,3,3,3,26425,0,1,1.2754712674027535,0.7247900066431612,6.315954000456259,80.0
1782318987,100,Python,select_job_cycle,32.600000,0.000000,1,1,1,1,2,2,3,3,3,3,3,26538,0,1,1.2759480653418989,0.7247900066431612,6.315954000456259,80.0
1782318987,100,,Aggregated,32.600000,0.000000,1,1,1,1,2,2,3,3,3,3,3,26538,0,1,1.2759480653418989,0.7247900066431612,6.315954000456259,80.0
1782318990,100,Python,select_job_cycle,31.900000,0.000000,1,1,1,1,2,2,3,3,3,3,3,26650,0,1,1.2753159381602333,0.7247900066431612,6.315954000456259,80.0
1782318990,100,,Aggregated,31.900000,0.000000,1,1,1,1,2,2,3,3,3,3,3,26650,0,1,1.2753159381602333,0.7247900066431612,6.315954000456259,80.0
1782318994,100,Python,select_job_cycle,33.700000,0.000000,1,1,1,1,1,2,2,2,3,3,3,26768,0,1,1.2747200480399257,0.7247900066431612,6.315954000456259,80.0
1782318994,100,,Aggregated,33.700000,0.000000,1,1,1,1,1,2,2,2,3,3,3,26768,0,1,1.2747200480399257,0.7247900066431612,6.315954000456259,80.0
1782318997,100,Python,select_job_cycle,34.700000,0.000000,1,1,1,1,1,1,2,2,2,2,2,26886,0,1,1.2740067211929362,0.7247900066431612,6.315954000456259,80.0
1782318997,100,,Aggregated,34.700000,0.000000,1,1,1,1,1,1,2,2,2,2,2,26886,0,1,1.2740067211929362,0.7247900066431612,6.315954000456259,80.0
1782319000,100,Python,select_job_cycle,36.500000,0.000000,1,1,1,1,1,1,2,2,2,2,2,27007,0,1,1.2732843517653905,0.7247900066431612,6.315954000456259,80.0
1782319000,100,,Aggregated,36.500000,0.000000,1,1,1,1,1,1,2,2,2,2,2,27007,0,1,1.2732843517653905,0.7247900066431612,6.315954000456259,80.0
1782319004,100,Python,select_job_cycle,36.000000,0.000000,1,1,1,1,1,1,2,2,2,2,2,27125,0,1,1.2724707306632,0.7247900066431612,6.315954000456259,80.0
1782319004,100,,Aggregated,36.000000,0.000000,1,1,1,1,1,1,2,2,2,2,2,27125,0,1,1.2724707306632,0.7247900066431612,6.315954000456259,80.0
1782319007,100,Python,select_job_cycle,35.700000,0.000000,1,1,1,1,1,1,2,2,2,2,2,27242,0,1,1.2717667569627145,0.7247900066431612,6.315954000456259,80.0
1782319007,100,,Aggregated,35.700000,0.000000,1,1,1,1,1,1,2,2,2,2,2,27242,0,1,1.2717667569627145,0.7247900066431612,6.315954000456259,80.0
1782319010,100,Python,select_job_cycle,35.400000,0.000000,1,1,1,1,1,1,2,2,2,2,2,27357,0,1,1.271105455796191,0.7247900066431612,6.315954000456259,80.0
1782319010,100,,Aggregated,35.400000,0.000000,1,1,1,1,1,1,2,2,2,2,2,27357,0,1,1.271105455796191,0.7247900066431612,6.315954000456259,80.0
1782319014,100,Python,select_job_cycle,35.600000,0.000000,1,1,1,1,1,2,2,2,2,2,2,27475,0,1,1.270579921497537,0.7247900066431612,6.315954000456259,80.0
1782319014,100,,Aggregated,35.600000,0.000000,1,1,1,1,1,2,2,2,2,2,2,27475,0,1,1.270579921497537,0.7247900066431612,6.315954000456259,80.0
1782319017,100,Python,select_job_cycle,35.700000,0.000000,1,1,1,1,1,2,2,2,3,3,3,27595,0,1,1.2699904566087816,0.7247900066431612,6.315954000456259,80.0
1782319017,100,,Aggregated,35.700000,0.000000,1,1,1,1,1,2,2,2,3,3,3,27595,0,1,1.2699904566087816,0.7247900066431612,6.315954000456259,80.0
1782319020,100,Python,select_job_cycle,35.700000,0.000000,1,1,1,1,1,2,2,2,3,3,3,27712,0,1,1.269487597757655,0.7247900066431612,6.315954000456259,80.0
1782319020,100,,Aggregated,35.700000,0.000000,1,1,1,1,1,2,2,2,3,3,3,27712,0,1,1.269487597757655,0.7247900066431612,6.315954000456259,80.0
1782319023,100,Python,select_job_cycle,35.900000,0.000000,1,1,1,1,1,2,2,2,3,3,3,27825,0,1,1.2691381095061565,0.7247900066431612,6.315954000456259,80.0
1782319023,100,,Aggregated,35.900000,0.000000,1,1,1,1,1,2,2,2,3,3,3,27825,0,1,1.2691381095061565,0.7247900066431612,6.315954000456259,80.0
1782319027,100,Python,select_job_cycle,35.700000,0.000000,1,1,1,1,1,2,2,2,2,2,2,27946,0,1,1.2684037615052164,0.7247900066431612,6.315954000456259,80.0
1782319027,100,,Aggregated,35.700000,0.000000,1,1,1,1,1,2,2,2,2,2,2,27946,0,1,1.2684037615052164,0.7247900066431612,6.315954000456259,80.0
1782319030,100,Python,select_job_cycle,36.200000,0.000000,1,1,1,1,1,1,2,2,2,2,2,28062,0,1,1.26759909835761,0.7247900066431612,6.315954000456259,80.0
1782319030,100,,Aggregated,36.200000,0.000000,1,1,1,1,1,1,2,2,2,2,2,28062,0,1,1.26759909835761,0.7247900066431612,6.315954000456259,80.0
1782319033,100,Python,select_job_cycle,35.800000,0.000000,1,1,1,1,1,1,2,2,2,2,2,28184,0,1,1.266958806559889,0.7247900066431612,6.315954000456259,80.0
1782319033,100,,Aggregated,35.800000,0.000000,1,1,1,1,1,1,2,2,2,2,2,28184,0,1,1.266958806559889,0.7247900066431612,6.315954000456259,80.0
1782319036,100,Python,select_job_cycle,36.200000,0.000000,1,1,1,1,1,1,2,2,3,3,3,28302,0,1,1.2664095043866657,0.7247900066431612,6.315954000456259,80.0
1782319036,100,,Aggregated,36.200000,0.000000,1,1,1,1,1,1,2,2,3,3,3,28302,0,1,1.2664095043866657,0.7247900066431612,6.315954000456259,80.0
1782319040,100,Python,select_job_cycle,35.600000,0.000000,1,1,1,1,1,2,2,2,4,4,4,28415,0,1,1.2661212620139752,0.7247900066431612,6.315954000456259,80.0
1782319040,100,,Aggregated,35.600000,0.000000,1,1,1,1,1,2,2,2,4,4,4,28415,0,1,1.2661212620139752,0.7247900066431612,6.315954000456259,80.0
1782319043,100,Python,select_job_cycle,35.700000,0.000000,1,1,1,1,1,2,2,2,4,4,4,28533,0,1,1.265566843204973,0.7247900066431612,6.315954000456259,80.0
1782319043,100,,Aggregated,35.700000,0.000000,1,1,1,1,1,2,2,2,4,4,4,28533,0,1,1.265566843204973,0.7247900066431612,6.315954000456259,80.0
1782319046,100,Python,select_job_cycle,35.600000,0.000000,1,1,1,1,1,2,2,2,4,4,4,28650,0,1,1.2649601423797192,0.7247900066431612,6.315954000456259,80.0
1782319046,100,,Aggregated,35.600000,0.000000,1,1,1,1,1,2,2,2,4,4,4,28650,0,1,1.2649601423797192,0.7247900066431612,6.315954000456259,80.0
1782319050,100,Python,select_job_cycle,36.400000,0.000000,1,1,1,1,1,1,2,2,2,2,2,28773,0,1,1.2642611476435581,0.7247900066431612,6.315954000456259,80.0
1782319050,100,,Aggregated,36.400000,0.000000,1,1,1,1,1,1,2,2,2,2,2,28773,0,1,1.2642611476435581,0.7247900066431612,6.315954000456259,80.0
1782319053,100,Python,select_job_cycle,35.700000,0.000000,1,1,1,1,1,1,2,2,2,2,2,28888,0,1,1.2638969678147545,0.7247900066431612,6.315954000456259,80.0
1782319053,100,,Aggregated,35.700000,0.000000,1,1,1,1,1,1,2,2,2,2,2,28888,0,1,1.2638969678147545,0.7247900066431612,6.315954000456259,80.0
1782319056,100,Python,select_job_cycle,35.700000,0.000000,1,1,1,1,1,1,2,2,2,2,2,29005,0,1,1.263055355051525,0.7247900066431612,6.315954000456259,80.0
1782319056,100,,Aggregated,35.700000,0.000000,1,1,1,1,1,1,2,2,2,2,2,29005,0,1,1.263055355051525,0.7247900066431612,6.315954000456259,80.0
1782319060,100,Python,select_job_cycle,35.800000,0.000000,1,1,1,1,1,1,2,2,2,2,2,29127,0,1,1.2622797505864567,0.7247900066431612,6.315954000456259,80.0
1782319060,100,,Aggregated,35.800000,0.000000,1,1,1,1,1,1,2,2,2,2,2,29127,0,1,1.2622797505864567,0.7247900066431612,6.315954000456259,80.0
1782319063,100,Python,select_job_cycle,36.500000,0.000000,1,1,1,1,1,1,1,2,2,2,2,29250,0,1,1.2614996143015755,0.7247900066431612,6.315954000456259,80.0
1782319063,100,,Aggregated,36.500000,0.000000,1,1,1,1,1,1,1,2,2,2,2,29250,0,1,1.2614996143015755,0.7247900066431612,6.315954000456259,80.0
1782319066,100,Python,select_job_cycle,37.100000,0.000000,1,1,1,1,1,1,2,2,2,2,2,29368,0,1,1.2609029482905207,0.7247900066431612,6.315954000456259,80.0
1782319066,100,,Aggregated,37.100000,0.000000,1,1,1,1,1,1,2,2,2,2,2,29368,0,1,1.2609029482905207,0.7247900066431612,6.315954000456259,80.0
1782319069,100,Python,select_job_cycle,36.100000,0.000000,1,1,1,1,1,1,2,2,2,2,2,29491,0,1,1.2603645158989143,0.7247900066431612,6.315954000456259,80.0
1782319069,100,,Aggregated,36.100000,0.000000,1,1,1,1,1,1,2,2,2,2,2,29491,0,1,1.2603645158989143,0.7247900066431612,6.315954000456259,80.0
1782319073,100,Python,select_job_cycle,36.600000,0.000000,1,1,1,1,1,2,2,2,2,2,2,29611,0,1,1.259945594183626,0.7247900066431612,6.315954000456259,80.0
1782319073,100,,Aggregated,36.600000,0.000000,1,1,1,1,1,2,2,2,2,2,2,29611,0,1,1.259945594183626,0.7247900066431612,6.315954000456259,80.0
1782319076,100,Python,select_job_cycle,35.700000,0.000000,1,1,1,1,1,1,2,2,2,2,2,29727,0,1,1.2593675264682964,0.7247900066431612,6.315954000456259,80.0
1782319076,100,,Aggregated,35.700000,0.000000,1,1,1,1,1,1,2,2,2,2,2,29727,0,1,1.2593675264682964,0.7247900066431612,6.315954000456259,80.0
1782319079,100,Python,select_job_cycle,35.600000,0.000000,1,1,1,1,1,2,2,2,2,2,2,29843,0,1,1.2587509409692739,0.7247900066431612,6.315954000456259,80.0
1782319079,100,,Aggregated,35.600000,0.000000,1,1,1,1,1,2,2,2,2,2,2,29843,0,1,1.2587509409692739,0.7247900066431612,6.315954000456259,80.0
1782319083,100,Python,select_job_cycle,35.700000,0.000000,1,1,1,1,1,1,2,2,2,2,2,29961,0,1,1.2582901713332038,0.7247900066431612,6.315954000456259,80.0
1782319083,100,,Aggregated,35.700000,0.000000,1,1,1,1,1,1,2,2,2,2,2,29961,0,1,1.2582901713332038,0.7247900066431612,6.315954000456259,80.0
1782319086,100,Python,select_job_cycle,35.700000,0.000000,1,1,1,1,1,1,2,2,3,3,3,30077,0,1,1.2576674178042955,0.7247900066431612,6.315954000456259,80.0
1782319086,100,,Aggregated,35.700000,0.000000,1,1,1,1,1,1,2,2,3,3,3,30077,0,1,1.2576674178042955,0.7247900066431612,6.315954000456259,80.0
1782319089,100,Python,select_job_cycle,36.000000,0.000000,1,1,1,1,1,1,2,2,3,3,3,30198,0,1,1.2571025859428366,0.7247900066431612,6.315954000456259,80.0
1782319089,100,,Aggregated,36.000000,0.000000,1,1,1,1,1,1,2,2,3,3,3,30198,0,1,1.2571025859428366,0.7247900066431612,6.315954000456259,80.0
1782319091,100,Python,select_job_cycle,35.800000,0.000000,1,1,1,1,1,1,2,2,3,3,3,30269,0,1,1.2567742307395624,0.7247900066431612,6.315954000456259,80.0
1782319091,100,,Aggregated,35.800000,0.000000,1,1,1,1,1,1,2,2,3,3,3,30269,0,1,1.2567742307395624,0.7247900066431612,6.315954000456259,80.0
