Timestamp,User Count,Type,Name,Requests/s,Failures/s,50%,66%,75%,80%,90%,95%,98%,99%,99.9%,99.99%,100%,Total Request Count,Total Failure Count,Total Median Response Time,Total Average Response Time,Total Min Response Time,Total Max Response Time,Total Average Content Size
1785943241,0,,Aggregated,0.000000,0.000000,N/A,N/A,N/A,N/A,N/A,N/A,N/A,N/A,N/A,N/A,N/A,0,0,0,0.0,0,0,0
1785943561,50,Python,select_job[match],0.100000,0.000000,6600,6600,6600,6600,6600,6600,6600,6600,6600,6600,6600,41,0,5800,6863.827437146294,4878.75219200032,11576.583984000536,80.0
1785943561,50,,Aggregated,0.100000,0.000000,6600,6600,6600,6600,6600,6600,6600,6600,6600,6600,6600,41,0,5800,6863.827437146294,4878.75219200032,11576.583984000536,80.0
1785943906,100,Python,select_job[match],0.200000,0.000000,5400,5400,5600,5600,5600,5600,5600,5600,5600,5600,5600,91,0,5700,6892.135183373554,4878.75219200032,11576.583984000536,80.0
1785943906,100,,Aggregated,0.200000,0.000000,5400,5400,5600,5600,5600,5600,5600,5600,5600,5600,5600,91,0,5700,6892.135183373554,4878.75219200032,11576.583984000536,80.0
1785944239,100,Python,select_job[match],0.200000,0.000000,5700,5700,12000,12000,12000,12000,12000,12000,12000,12000,12000,140,0,5700,6853.307661978486,4878.75219200032,11777.626424998743,80.0
1785944239,100,,Aggregated,0.200000,0.000000,5700,5700,12000,12000,12000,12000,12000,12000,12000,12000,12000,140,0,5700,6853.307661978486,4878.75219200032,11777.626424998743,80.0
1785944586,100,Python,select_job[match],0.100000,0.000000,11000,11000,11000,11000,11000,11000,11000,11000,11000,11000,11000,189,0,5700,6915.628883259164,4878.75219200032,11777.626424998743,80.0
1785944586,100,,Aggregated,0.100000,0.000000,11000,11000,11000,11000,11000,11000,11000,11000,11000,11000,11000,189,0,5700,6915.628883259164,4878.75219200032,11777.626424998743,80.0
1785944921,100,Python,select_job[match],0.100000,0.000000,10000,10000,10000,10000,10000,10000,10000,10000,10000,10000,10000,238,0,5700,6881.91127267223,4878.75219200032,11777.626424998743,80.0
1785944921,100,,Aggregated,0.100000,0.000000,10000,10000,10000,10000,10000,10000,10000,10000,10000,10000,10000,238,0,5700,6881.91127267223,4878.75219200032,11777.626424998743,80.0
1785945225,100,Python,select_job[match],0.200000,0.000000,4900,4900,5200,5200,5200,5200,5200,5200,5200,5200,5200,287,0,5700,6765.388950233417,4697.27071500165,11777.626424998743,80.0
1785945225,100,,Aggregated,0.200000,0.000000,4900,4900,5200,5200,5200,5200,5200,5200,5200,5200,5200,287,0,5700,6765.388950233417,4697.27071500165,11777.626424998743,80.0
1785945236,100,Python,select_job[match],0.100000,0.000000,11000,11000,11000,11000,11000,11000,11000,11000,11000,11000,11000,288,0,5700,6779.434360677053,4697.27071500165,11777.626424998743,80.0
1785945236,100,,Aggregated,0.100000,0.000000,11000,11000,11000,11000,11000,11000,11000,11000,11000,11000,11000,288,0,5700,6779.434360677053,4697.27071500165,11777.626424998743,80.0
